pair_id,filter_name,similarity_score,true_label,model_name
0,original,0.43903002,1,adaface
1,original,0.80438465,1,adaface
2,original,0.6815939,1,adaface
3,original,0.5886805,1,adaface
4,original,0.17924847,1,adaface
5,original,0.21842776,1,adaface
6,original,0.8058572,1,adaface
7,original,0.5370803,1,adaface
8,original,0.26218534,1,adaface
9,original,0.68759775,1,adaface
10,original,0.46683228,1,adaface
11,original,0.37561312,1,adaface
12,original,0.6228803,1,adaface
13,original,0.66864157,1,adaface
14,original,0.35922042,1,adaface
15,original,0.4883805,1,adaface
16,original,0.7684931,1,adaface
17,original,0.55355704,1,adaface
18,original,0.51823753,1,adaface
19,original,0.2936201,1,adaface
20,original,0.28989783,1,adaface
21,original,0.39264315,1,adaface
22,original,0.61814153,1,adaface
23,original,0.49131408,1,adaface
24,original,0.07600075,1,adaface
25,original,0.44497174,1,adaface
26,original,0.36432913,1,adaface
27,original,0.6064035,1,adaface
28,original,0.4764482,1,adaface
29,original,0.44015738,1,adaface
30,original,0.48809937,1,adaface
31,original,0.6126693,1,adaface
32,original,0.52973443,1,adaface
33,original,0.6093066,1,adaface
34,original,0.24758208,1,adaface
35,original,0.5395996,1,adaface
36,original,0.7632252,1,adaface
37,original,0.4449427,1,adaface
38,original,0.46499795,1,adaface
39,original,0.5969976,1,adaface
40,original,0.58303326,1,adaface
41,original,0.64235145,1,adaface
42,original,0.73458755,1,adaface
43,original,0.27128676,1,adaface
44,original,0.30646238,1,adaface
45,original,0.5945164,1,adaface
46,original,0.65691507,1,adaface
47,original,0.4273126,1,adaface
48,original,0.6378515,1,adaface
49,original,0.6623616,1,adaface
50,original,0.45435834,1,adaface
51,original,0.50181687,1,adaface
52,original,0.5553163,1,adaface
53,original,0.2538918,1,adaface
54,original,0.5081908,1,adaface
55,original,0.49138254,1,adaface
56,original,0.69422853,1,adaface
57,original,0.8001154,1,adaface
58,original,0.39864784,1,adaface
59,original,0.1410184,1,adaface
60,original,0.48095807,1,adaface
61,original,0.41074607,1,adaface
62,original,0.39869404,1,adaface
63,original,0.5178432,1,adaface
64,original,0.7135775,1,adaface
65,original,0.6385606,1,adaface
66,original,0.5129396,1,adaface
67,original,0.59730035,1,adaface
68,original,0.53334045,1,adaface
69,original,0.5132526,1,adaface
70,original,0.43423912,1,adaface
71,original,0.5215252,1,adaface
72,original,0.3554223,1,adaface
73,original,0.4403484,1,adaface
74,original,0.4916159,1,adaface
75,original,0.7313537,1,adaface
76,original,0.40216744,1,adaface
77,original,0.6232366,1,adaface
78,original,0.3672484,1,adaface
79,original,0.47071037,1,adaface
80,original,0.5047391,1,adaface
81,original,0.33198735,1,adaface
82,original,0.6589923,1,adaface
83,original,0.51331484,1,adaface
84,original,0.5013429,1,adaface
85,original,0.37907198,1,adaface
86,original,0.44149104,1,adaface
87,original,0.5122632,1,adaface
88,original,0.46278507,1,adaface
89,original,0.29438034,1,adaface
90,original,0.61672705,1,adaface
91,original,0.45928863,1,adaface
92,original,0.22874056,1,adaface
93,original,0.15623239,1,adaface
94,original,0.49700433,1,adaface
95,original,0.61120576,1,adaface
96,original,0.508916,1,adaface
97,original,0.4770546,1,adaface
98,original,0.37784585,1,adaface
99,original,0.5493221,1,adaface
100,original,0.543325,1,adaface
101,original,0.4464628,1,adaface
102,original,0.6057577,1,adaface
103,original,0.59710133,1,adaface
104,original,0.65399456,1,adaface
105,original,0.48549256,1,adaface
106,original,0.4387618,1,adaface
107,original,0.64078075,1,adaface
108,original,0.5993651,1,adaface
109,original,0.5355266,1,adaface
110,original,0.40081003,1,adaface
111,original,0.47739232,1,adaface
112,original,0.46737576,1,adaface
113,original,0.70553774,1,adaface
114,original,0.3421893,1,adaface
115,original,0.44855258,1,adaface
116,original,0.45412463,1,adaface
117,original,0.6676995,1,adaface
118,original,0.7437643,1,adaface
119,original,0.5443223,1,adaface
120,original,0.4765419,1,adaface
121,original,0.5242497,1,adaface
122,original,0.3955473,1,adaface
123,original,0.55666536,1,adaface
124,original,0.34144485,1,adaface
125,original,0.31545717,1,adaface
126,original,0.5003519,1,adaface
127,original,0.5210057,1,adaface
128,original,0.70927817,1,adaface
129,original,0.5414833,1,adaface
130,original,0.38431194,1,adaface
131,original,0.6255657,1,adaface
132,original,0.19460993,1,adaface
133,original,0.49327165,1,adaface
134,original,0.5596055,1,adaface
135,original,0.6736656,1,adaface
136,original,0.3121854,1,adaface
137,original,0.43803376,1,adaface
138,original,0.56752306,1,adaface
139,original,0.4382436,1,adaface
140,original,0.78664553,1,adaface
141,original,0.5808547,1,adaface
142,original,0.42274293,1,adaface
143,original,0.6608972,1,adaface
144,original,0.37053075,1,adaface
145,original,0.43862325,1,adaface
146,original,0.4160662,1,adaface
147,original,0.48345703,1,adaface
148,original,0.22334717,1,adaface
149,original,0.24800456,1,adaface
150,original,0.28863415,1,adaface
151,original,0.6817311,1,adaface
152,original,0.32855216,1,adaface
153,original,0.7054166,1,adaface
154,original,0.45765004,1,adaface
155,original,0.71407914,1,adaface
156,original,0.21116449,1,adaface
157,original,0.47214296,1,adaface
158,original,0.24840501,1,adaface
159,original,0.47251034,1,adaface
160,original,0.2880987,1,adaface
161,original,0.90650487,1,adaface
162,original,0.5471343,1,adaface
163,original,0.544962,1,adaface
164,original,0.76395106,1,adaface
165,original,0.8499746,1,adaface
166,original,0.69238394,1,adaface
167,original,0.5268652,1,adaface
168,original,0.33221564,1,adaface
169,original,0.24747394,1,adaface
170,original,0.45439774,1,adaface
171,original,0.24375239,1,adaface
172,original,0.44051003,1,adaface
173,original,0.4508558,1,adaface
174,original,0.67417186,1,adaface
175,original,0.54980004,1,adaface
176,original,0.640563,1,adaface
177,original,0.55035484,1,adaface
178,original,0.596908,1,adaface
179,original,0.38472772,1,adaface
180,original,0.4332095,1,adaface
181,original,0.22833078,1,adaface
182,original,0.09668664,1,adaface
183,original,0.06515434,1,adaface
184,original,0.2829313,1,adaface
185,original,0.47558382,1,adaface
186,original,0.69245607,1,adaface
187,original,0.18718347,1,adaface
188,original,0.40496162,1,adaface
189,original,0.41984215,1,adaface
190,original,0.5244478,1,adaface
191,original,0.66228676,1,adaface
192,original,0.491106,1,adaface
193,original,0.63951695,1,adaface
194,original,0.7006162,1,adaface
195,original,0.6743686,1,adaface
196,original,0.48085654,1,adaface
197,original,0.5489787,1,adaface
198,original,0.35379866,1,adaface
199,original,0.647468,1,adaface
200,original,0.5668914,1,adaface
201,original,0.37210947,1,adaface
202,original,0.25969368,1,adaface
203,original,0.63290703,1,adaface
204,original,0.5123807,1,adaface
205,original,0.60599905,1,adaface
206,original,0.48059267,1,adaface
207,original,0.4294002,1,adaface
208,original,0.5399063,1,adaface
209,original,0.48021668,1,adaface
210,original,0.38407,1,adaface
211,original,0.6363593,1,adaface
212,original,0.7718498,1,adaface
213,original,0.6127518,1,adaface
214,original,0.18553312,1,adaface
215,original,0.4641763,1,adaface
216,original,0.6761695,1,adaface
217,original,0.58116347,1,adaface
218,original,0.34274828,1,adaface
219,original,0.5820871,1,adaface
220,original,0.48211336,1,adaface
221,original,0.09913428,1,adaface
222,original,0.38342628,1,adaface
223,original,0.4205001,1,adaface
224,original,0.30770054,1,adaface
225,original,0.42214742,1,adaface
226,original,0.466219,1,adaface
227,original,0.64146864,1,adaface
228,original,0.5839818,1,adaface
229,original,0.64271235,1,adaface
230,original,0.65548044,1,adaface
231,original,0.5939043,1,adaface
232,original,0.651346,1,adaface
233,original,0.38140866,1,adaface
234,original,0.4488519,1,adaface
235,original,0.5570324,1,adaface
236,original,0.21000281,1,adaface
237,original,0.44432056,1,adaface
238,original,0.21384244,1,adaface
239,original,0.6998888,1,adaface
240,original,0.2780225,1,adaface
241,original,0.6310012,1,adaface
242,original,0.21200956,1,adaface
243,original,0.45813924,1,adaface
244,original,0.49160346,1,adaface
245,original,0.43605757,1,adaface
246,original,0.3392254,1,adaface
247,original,0.72914284,1,adaface
248,original,0.51449776,1,adaface
249,original,0.53380513,1,adaface
250,original,0.45493934,1,adaface
251,original,0.39980733,1,adaface
252,original,0.6628732,1,adaface
253,original,0.62326795,1,adaface
254,original,0.28851515,1,adaface
255,original,0.4783955,1,adaface
256,original,0.30601206,1,adaface
257,original,0.55362606,1,adaface
258,original,0.5571128,1,adaface
259,original,0.4234898,1,adaface
260,original,0.62159175,1,adaface
261,original,0.51065,1,adaface
262,original,0.38439596,1,adaface
263,original,0.37299454,1,adaface
264,original,0.46229443,1,adaface
265,original,0.6692415,1,adaface
266,original,0.714155,1,adaface
267,original,0.5695953,1,adaface
268,original,0.3104619,1,adaface
269,original,0.42326626,1,adaface
270,original,0.38153446,1,adaface
271,original,0.29828423,1,adaface
272,original,0.47636074,1,adaface
273,original,0.41630298,1,adaface
274,original,0.21570529,1,adaface
275,original,0.74671,1,adaface
276,original,0.3722753,1,adaface
277,original,0.45957682,1,adaface
278,original,0.47838384,1,adaface
279,original,0.57078916,1,adaface
280,original,0.5529682,1,adaface
281,original,0.47678012,1,adaface
282,original,0.6125085,1,adaface
283,original,0.3392263,1,adaface
284,original,0.4892026,1,adaface
285,original,0.57535994,1,adaface
286,original,0.7957428,1,adaface
287,original,0.4871152,1,adaface
288,original,0.50958484,1,adaface
289,original,0.3770142,1,adaface
290,original,0.39263368,1,adaface
291,original,0.48763302,1,adaface
292,original,0.6726678,1,adaface
293,original,0.28960037,1,adaface
294,original,0.85426134,1,adaface
295,original,0.411205,1,adaface
296,original,0.4682023,1,adaface
297,original,0.59345293,1,adaface
298,original,0.5253587,1,adaface
299,original,0.6509645,1,adaface
300,original,0.17065352,0,adaface
301,original,0.15901738,0,adaface
302,original,-0.08113277,0,adaface
303,original,0.049069356,0,adaface
304,original,-0.041614298,0,adaface
305,original,-0.09928564,0,adaface
306,original,0.09573375,0,adaface
307,original,0.048466817,0,adaface
308,original,0.07252005,0,adaface
309,original,-0.15223628,0,adaface
310,original,-0.045803174,0,adaface
311,original,0.009757245,0,adaface
312,original,0.04471845,0,adaface
313,original,-0.16102628,0,adaface
314,original,-0.0110603,0,adaface
315,original,-0.01894372,0,adaface
316,original,0.071976826,0,adaface
317,original,0.083384074,0,adaface
318,original,0.053361807,0,adaface
319,original,-0.071610436,0,adaface
320,original,0.49471253,0,adaface
321,original,0.17641081,0,adaface
322,original,0.2479775,0,adaface
323,original,0.41074845,0,adaface
324,original,0.16825397,0,adaface
325,original,0.16904537,0,adaface
326,original,0.23215991,0,adaface
327,original,0.15024422,0,adaface
328,original,0.28139457,0,adaface
329,original,0.48104742,0,adaface
330,original,0.31442338,0,adaface
331,original,0.28689638,0,adaface
332,original,0.09649767,0,adaface
333,original,0.1543813,0,adaface
334,original,0.27135393,0,adaface
335,original,0.26243177,0,adaface
336,original,0.2811101,0,adaface
337,original,0.34796336,0,adaface
338,original,0.26471922,0,adaface
339,original,0.23565857,0,adaface
340,original,0.44297817,0,adaface
341,original,0.41128716,0,adaface
342,original,0.30728468,0,adaface
343,original,0.44841212,0,adaface
344,original,0.6447406,0,adaface
345,original,0.39048803,0,adaface
346,original,0.15359432,0,adaface
347,original,0.50155735,0,adaface
348,original,0.16982892,0,adaface
349,original,0.18973014,0,adaface
350,original,0.19490404,0,adaface
351,original,0.14221689,0,adaface
352,original,0.3384448,0,adaface
353,original,0.23056318,0,adaface
354,original,0.3161235,0,adaface
355,original,0.33325648,0,adaface
356,original,0.18209945,0,adaface
357,original,0.28471288,0,adaface
358,original,0.46306992,0,adaface
359,original,0.28155604,0,adaface
360,original,0.49903998,0,adaface
361,original,0.4984355,0,adaface
362,original,0.47102138,0,adaface
363,original,0.3258004,0,adaface
364,original,0.29219264,0,adaface
365,original,0.24661355,0,adaface
366,original,0.33093306,0,adaface
367,original,0.28205162,0,adaface
368,original,0.4752328,0,adaface
369,original,0.2468107,0,adaface
370,original,0.40566012,0,adaface
371,original,0.20430818,0,adaface
372,original,0.26954305,0,adaface
373,original,0.41606686,0,adaface
374,original,0.3598961,0,adaface
375,original,0.28481403,0,adaface
376,original,0.25612134,0,adaface
377,original,0.23196414,0,adaface
378,original,0.035814866,0,adaface
379,original,0.31731135,0,adaface
380,original,0.24200487,0,adaface
381,original,0.34571975,0,adaface
382,original,0.38516867,0,adaface
383,original,0.43822196,0,adaface
384,original,0.3460204,0,adaface
385,original,0.4292858,0,adaface
386,original,0.3325458,0,adaface
387,original,0.107026726,0,adaface
388,original,0.18483868,0,adaface
389,original,0.28029716,0,adaface
390,original,0.05159853,0,adaface
391,original,0.24066667,0,adaface
392,original,0.2230848,0,adaface
393,original,0.2767782,0,adaface
394,original,0.27006721,0,adaface
395,original,0.3337057,0,adaface
396,original,0.33706164,0,adaface
397,original,0.3073617,0,adaface
398,original,0.32475224,0,adaface
399,original,0.3705445,0,adaface
400,original,0.15011813,0,adaface
401,original,0.16845426,0,adaface
402,original,0.28843328,0,adaface
403,original,0.3630669,0,adaface
404,original,0.26191917,0,adaface
405,original,0.42249188,0,adaface
406,original,0.24770439,0,adaface
407,original,0.35157913,0,adaface
408,original,0.28142875,0,adaface
409,original,0.26786178,0,adaface
410,original,0.3953285,0,adaface
411,original,0.17809145,0,adaface
412,original,0.49138743,0,adaface
413,original,0.28192317,0,adaface
414,original,0.16277967,0,adaface
415,original,0.2850748,0,adaface
416,original,0.25164926,0,adaface
417,original,0.09275308,0,adaface
418,original,0.27465764,0,adaface
419,original,0.08282144,0,adaface
420,original,0.12695903,0,adaface
421,original,0.06853695,0,adaface
422,original,0.15647063,0,adaface
423,original,0.25157169,0,adaface
424,original,0.27623385,0,adaface
425,original,0.20725155,0,adaface
426,original,0.10174088,0,adaface
427,original,0.37054703,0,adaface
428,original,0.22349115,0,adaface
429,original,0.3902586,0,adaface
430,original,0.293483,0,adaface
431,original,0.22725286,0,adaface
432,original,0.17522497,0,adaface
433,original,0.4234374,0,adaface
434,original,0.43816498,0,adaface
435,original,0.33422887,0,adaface
436,original,0.19799888,0,adaface
437,original,0.40307972,0,adaface
438,original,0.25441638,0,adaface
439,original,0.35780588,0,adaface
440,original,0.47177365,0,adaface
441,original,0.23573104,0,adaface
442,original,0.12761976,0,adaface
443,original,0.2556517,0,adaface
444,original,0.087442875,0,adaface
445,original,0.24420677,0,adaface
446,original,0.3343755,0,adaface
447,original,0.20548372,0,adaface
448,original,0.52741534,0,adaface
449,original,0.37952048,0,adaface
450,original,0.31127694,0,adaface
451,original,0.13575222,0,adaface
452,original,-0.00096823135,0,adaface
453,original,0.25176144,0,adaface
454,original,0.28802785,0,adaface
455,original,0.24213648,0,adaface
456,original,0.31162167,0,adaface
457,original,0.22077172,0,adaface
458,original,0.3781166,0,adaface
459,original,0.29336247,0,adaface
460,original,0.48347852,0,adaface
461,original,0.15998921,0,adaface
462,original,0.28809488,0,adaface
463,original,0.1418684,0,adaface
464,original,0.2376761,0,adaface
465,original,0.16675258,0,adaface
466,original,0.33099225,0,adaface
467,original,0.23896118,0,adaface
468,original,0.118796624,0,adaface
469,original,0.3652154,0,adaface
470,original,0.16216768,0,adaface
471,original,0.15123671,0,adaface
472,original,0.54337156,0,adaface
473,original,0.25349542,0,adaface
474,original,0.3409528,0,adaface
475,original,0.22320564,0,adaface
476,original,0.45754233,0,adaface
477,original,0.13080332,0,adaface
478,original,0.39895624,0,adaface
479,original,0.24286534,0,adaface
480,original,0.1908095,0,adaface
481,original,0.4299876,0,adaface
482,original,0.42940667,0,adaface
483,original,0.35192335,0,adaface
484,original,0.43178284,0,adaface
485,original,0.12233417,0,adaface
486,original,0.2262135,0,adaface
487,original,0.2496539,0,adaface
488,original,0.12919107,0,adaface
489,original,0.3284601,0,adaface
490,original,0.38346627,0,adaface
491,original,0.2710891,0,adaface
492,original,0.37947235,0,adaface
493,original,0.44507095,0,adaface
494,original,0.3237425,0,adaface
495,original,0.4761174,0,adaface
496,original,0.23690511,0,adaface
497,original,0.13628547,0,adaface
498,original,0.34921396,0,adaface
499,original,0.28020948,0,adaface
500,original,0.26133677,0,adaface
501,original,0.3401874,0,adaface
502,original,0.41895822,0,adaface
503,original,0.26923916,0,adaface
504,original,0.024005627,0,adaface
505,original,0.51754993,0,adaface
506,original,0.47208548,0,adaface
507,original,0.3084277,0,adaface
508,original,0.24943414,0,adaface
509,original,0.43887925,0,adaface
510,original,0.31022188,0,adaface
511,original,0.48611495,0,adaface
512,original,0.37632456,0,adaface
513,original,0.35945863,0,adaface
514,original,0.5049781,0,adaface
515,original,0.37125835,0,adaface
516,original,0.145071,0,adaface
517,original,0.4569699,0,adaface
518,original,0.1522175,0,adaface
519,original,0.51053923,0,adaface
520,original,0.34986496,0,adaface
521,original,0.31378514,0,adaface
522,original,0.1925255,0,adaface
523,original,0.14328267,0,adaface
524,original,0.43523538,0,adaface
525,original,0.4179035,0,adaface
526,original,0.28487107,0,adaface
527,original,0.50008285,0,adaface
528,original,0.42838725,0,adaface
529,original,0.5206646,0,adaface
530,original,0.2667067,0,adaface
531,original,0.18283013,0,adaface
532,original,0.22384056,0,adaface
533,original,0.49638718,0,adaface
534,original,0.24777578,0,adaface
535,original,0.24667372,0,adaface
536,original,0.2257028,0,adaface
537,original,0.33010852,0,adaface
538,original,0.19245097,0,adaface
539,original,0.3244513,0,adaface
540,original,0.4904521,0,adaface
541,original,0.2264487,0,adaface
542,original,0.3317975,0,adaface
543,original,0.27792442,0,adaface
544,original,0.26243633,0,adaface
545,original,0.32486382,0,adaface
546,original,0.16069825,0,adaface
547,original,0.26754794,0,adaface
548,original,0.08955493,0,adaface
549,original,0.3631326,0,adaface
550,original,0.36432797,0,adaface
551,original,0.34558338,0,adaface
552,original,0.2640353,0,adaface
553,original,0.31761253,0,adaface
554,original,0.29967108,0,adaface
555,original,0.18323766,0,adaface
556,original,0.25079915,0,adaface
557,original,0.5717033,0,adaface
558,original,-0.0033873837,0,adaface
559,original,0.3694543,0,adaface
560,original,0.4791214,0,adaface
561,original,0.20903282,0,adaface
562,original,0.17697433,0,adaface
563,original,0.44077516,0,adaface
564,original,0.20681034,0,adaface
565,original,0.035454486,0,adaface
566,original,0.3286319,0,adaface
567,original,0.32839075,0,adaface
568,original,0.41473338,0,adaface
569,original,0.39913383,0,adaface
570,original,0.24894622,0,adaface
571,original,0.21636708,0,adaface
572,original,0.2994553,0,adaface
573,original,0.21091974,0,adaface
574,original,0.36533114,0,adaface
575,original,0.29164422,0,adaface
576,original,0.33338562,0,adaface
577,original,0.32463586,0,adaface
578,original,0.21940733,0,adaface
579,original,0.38636678,0,adaface
580,original,0.32025316,0,adaface
581,original,0.37100396,0,adaface
582,original,0.33069456,0,adaface
583,original,0.13241565,0,adaface
584,original,0.021514196,0,adaface
585,original,0.15165645,0,adaface
586,original,0.24071555,0,adaface
587,original,0.42903015,0,adaface
588,original,0.34799248,0,adaface
589,original,0.347966,0,adaface
590,original,0.23045748,0,adaface
591,original,0.19473155,0,adaface
592,original,0.25382575,0,adaface
593,original,0.4045472,0,adaface
594,original,0.23151058,0,adaface
595,original,0.25672856,0,adaface
596,original,0.3929166,0,adaface
597,original,0.27956563,0,adaface
598,original,0.10642758,0,adaface
599,original,0.17984065,0,adaface
0,blur,0.24107566,1,adaface
1,blur,0.6014102,1,adaface
2,blur,0.25431803,1,adaface
3,blur,0.7882412,1,adaface
4,blur,0.52104324,1,adaface
5,blur,0.43747094,1,adaface
6,blur,0.78354406,1,adaface
7,blur,0.52645206,1,adaface
8,blur,0.18876153,1,adaface
9,blur,0.7179622,1,adaface
10,blur,0.3878769,1,adaface
11,blur,0.28743356,1,adaface
12,blur,0.6218058,1,adaface
13,blur,0.646774,1,adaface
14,blur,0.37658006,1,adaface
15,blur,0.5174722,1,adaface
16,blur,0.76406986,1,adaface
17,blur,0.52364784,1,adaface
18,blur,0.4637319,1,adaface
19,blur,0.32648942,1,adaface
20,blur,0.30494198,1,adaface
21,blur,0.37157553,1,adaface
22,blur,0.5847658,1,adaface
23,blur,0.47234386,1,adaface
24,blur,0.044992767,1,adaface
25,blur,0.36640182,1,adaface
26,blur,0.4346759,1,adaface
27,blur,0.59687865,1,adaface
28,blur,0.45641106,1,adaface
29,blur,0.40418425,1,adaface
30,blur,0.42684427,1,adaface
31,blur,0.5722847,1,adaface
32,blur,0.5739904,1,adaface
33,blur,0.60749257,1,adaface
34,blur,0.21548419,1,adaface
35,blur,0.48807266,1,adaface
36,blur,0.7412727,1,adaface
37,blur,0.41412663,1,adaface
38,blur,0.38791376,1,adaface
39,blur,0.55007696,1,adaface
40,blur,0.59455204,1,adaface
41,blur,0.6680014,1,adaface
42,blur,0.6744111,1,adaface
43,blur,0.2375409,1,adaface
44,blur,0.3460926,1,adaface
45,blur,0.59608144,1,adaface
46,blur,0.61574745,1,adaface
47,blur,0.45339423,1,adaface
48,blur,0.5807767,1,adaface
49,blur,0.6223969,1,adaface
50,blur,0.4079051,1,adaface
51,blur,0.50845,1,adaface
52,blur,0.49575406,1,adaface
53,blur,0.22244957,1,adaface
54,blur,0.50390583,1,adaface
55,blur,0.5064353,1,adaface
56,blur,0.6327024,1,adaface
57,blur,0.8043419,1,adaface
58,blur,0.38587338,1,adaface
59,blur,0.15948896,1,adaface
60,blur,0.44286034,1,adaface
61,blur,0.3542882,1,adaface
62,blur,0.4025336,1,adaface
63,blur,0.49375927,1,adaface
64,blur,0.74218404,1,adaface
65,blur,0.6296182,1,adaface
66,blur,0.51376295,1,adaface
67,blur,0.56485707,1,adaface
68,blur,0.51933867,1,adaface
69,blur,0.50677824,1,adaface
70,blur,0.37994978,1,adaface
71,blur,0.5969229,1,adaface
72,blur,0.30080575,1,adaface
73,blur,0.4331857,1,adaface
74,blur,0.4902275,1,adaface
75,blur,0.700554,1,adaface
76,blur,0.37972856,1,adaface
77,blur,0.6393182,1,adaface
78,blur,0.32629284,1,adaface
79,blur,0.41787916,1,adaface
80,blur,0.522619,1,adaface
81,blur,0.340421,1,adaface
82,blur,0.58719766,1,adaface
83,blur,0.48379025,1,adaface
84,blur,0.50951177,1,adaface
85,blur,0.39844272,1,adaface
86,blur,0.4435963,1,adaface
87,blur,0.56813735,1,adaface
88,blur,0.35216743,1,adaface
89,blur,0.25632408,1,adaface
90,blur,0.5663943,1,adaface
91,blur,0.47663003,1,adaface
92,blur,0.22843975,1,adaface
93,blur,0.13442895,1,adaface
94,blur,0.44188267,1,adaface
95,blur,0.5981374,1,adaface
96,blur,0.35223088,1,adaface
97,blur,0.48525882,1,adaface
98,blur,0.32207635,1,adaface
99,blur,0.5953927,1,adaface
100,blur,0.5597731,1,adaface
101,blur,0.4856463,1,adaface
102,blur,0.62537503,1,adaface
103,blur,0.6181596,1,adaface
104,blur,0.61571646,1,adaface
105,blur,0.46478492,1,adaface
106,blur,0.44602722,1,adaface
107,blur,0.6325901,1,adaface
108,blur,0.6161605,1,adaface
109,blur,0.48080707,1,adaface
110,blur,0.41185504,1,adaface
111,blur,0.48763227,1,adaface
112,blur,0.43771523,1,adaface
113,blur,0.68147737,1,adaface
114,blur,0.36227503,1,adaface
115,blur,0.4320365,1,adaface
116,blur,0.4229007,1,adaface
117,blur,0.6414398,1,adaface
118,blur,0.71443427,1,adaface
119,blur,0.5409555,1,adaface
120,blur,0.4643088,1,adaface
121,blur,0.46980068,1,adaface
122,blur,0.38149703,1,adaface
123,blur,0.5766637,1,adaface
124,blur,0.3144306,1,adaface
125,blur,0.3143267,1,adaface
126,blur,0.4777594,1,adaface
127,blur,0.52260303,1,adaface
128,blur,0.7491103,1,adaface
129,blur,0.49839938,1,adaface
130,blur,0.3663519,1,adaface
131,blur,0.59615076,1,adaface
132,blur,0.1476645,1,adaface
133,blur,0.4647466,1,adaface
134,blur,0.5704687,1,adaface
135,blur,0.65403855,1,adaface
136,blur,0.22629109,1,adaface
137,blur,0.40145427,1,adaface
138,blur,0.5710075,1,adaface
139,blur,0.5121527,1,adaface
140,blur,0.75521314,1,adaface
141,blur,0.56076443,1,adaface
142,blur,0.38445735,1,adaface
143,blur,0.6129578,1,adaface
144,blur,0.33796734,1,adaface
145,blur,0.36437935,1,adaface
146,blur,0.43642274,1,adaface
147,blur,0.42617124,1,adaface
148,blur,0.21680164,1,adaface
149,blur,0.1330573,1,adaface
150,blur,0.30401438,1,adaface
151,blur,0.6358422,1,adaface
152,blur,0.30739802,1,adaface
153,blur,0.68190527,1,adaface
154,blur,0.4253212,1,adaface
155,blur,0.61359626,1,adaface
156,blur,0.21444665,1,adaface
157,blur,0.41828012,1,adaface
158,blur,0.17549595,1,adaface
159,blur,0.42523918,1,adaface
160,blur,0.291447,1,adaface
161,blur,0.8721598,1,adaface
162,blur,0.5032642,1,adaface
163,blur,0.53453267,1,adaface
164,blur,0.78577185,1,adaface
165,blur,0.83834106,1,adaface
166,blur,0.6775446,1,adaface
167,blur,0.50109696,1,adaface
168,blur,0.31872973,1,adaface
169,blur,0.32126182,1,adaface
170,blur,0.47799358,1,adaface
171,blur,0.17305787,1,adaface
172,blur,0.4258577,1,adaface
173,blur,0.4218556,1,adaface
174,blur,0.66351926,1,adaface
175,blur,0.52879477,1,adaface
176,blur,0.67338955,1,adaface
177,blur,0.54070765,1,adaface
178,blur,0.5547887,1,adaface
179,blur,0.27172834,1,adaface
180,blur,0.4874719,1,adaface
181,blur,0.21145447,1,adaface
182,blur,0.12105698,1,adaface
183,blur,0.06807651,1,adaface
184,blur,0.32106143,1,adaface
185,blur,0.45227504,1,adaface
186,blur,0.7100419,1,adaface
187,blur,0.16244127,1,adaface
188,blur,0.40166593,1,adaface
189,blur,0.41346702,1,adaface
190,blur,0.52583253,1,adaface
191,blur,0.6684509,1,adaface
192,blur,0.48126236,1,adaface
193,blur,0.5875105,1,adaface
194,blur,0.7006124,1,adaface
195,blur,0.59244984,1,adaface
196,blur,0.5181758,1,adaface
197,blur,0.55063474,1,adaface
198,blur,0.30620652,1,adaface
199,blur,0.6288715,1,adaface
200,blur,0.5194109,1,adaface
201,blur,0.39473233,1,adaface
202,blur,0.29459417,1,adaface
203,blur,0.6709402,1,adaface
204,blur,0.5013465,1,adaface
205,blur,0.53441113,1,adaface
206,blur,0.4951374,1,adaface
207,blur,0.3919697,1,adaface
208,blur,0.43808606,1,adaface
209,blur,0.42064878,1,adaface
210,blur,0.42848566,1,adaface
211,blur,0.5849107,1,adaface
212,blur,0.781593,1,adaface
213,blur,0.62521696,1,adaface
214,blur,0.18223912,1,adaface
215,blur,0.41185123,1,adaface
216,blur,0.6651538,1,adaface
217,blur,0.5246049,1,adaface
218,blur,0.34991845,1,adaface
219,blur,0.59762263,1,adaface
220,blur,0.46232557,1,adaface
221,blur,0.085873,1,adaface
222,blur,0.37692907,1,adaface
223,blur,0.41949388,1,adaface
224,blur,0.24509779,1,adaface
225,blur,0.3046093,1,adaface
226,blur,0.3472938,1,adaface
227,blur,0.6119243,1,adaface
228,blur,0.50509834,1,adaface
229,blur,0.6047959,1,adaface
230,blur,0.566274,1,adaface
231,blur,0.5090775,1,adaface
232,blur,0.60118216,1,adaface
233,blur,0.28513253,1,adaface
234,blur,0.46169117,1,adaface
235,blur,0.52416694,1,adaface
236,blur,0.19985935,1,adaface
237,blur,0.46229932,1,adaface
238,blur,0.2301443,1,adaface
239,blur,0.6805971,1,adaface
240,blur,0.25848344,1,adaface
241,blur,0.60572886,1,adaface
242,blur,0.17553678,1,adaface
243,blur,0.32136735,1,adaface
244,blur,0.48095623,1,adaface
245,blur,0.35579062,1,adaface
246,blur,0.41489503,1,adaface
247,blur,0.73768955,1,adaface
248,blur,0.50570893,1,adaface
249,blur,0.5123701,1,adaface
250,blur,0.446626,1,adaface
251,blur,0.33369702,1,adaface
252,blur,0.64519733,1,adaface
253,blur,0.5800761,1,adaface
254,blur,0.3250508,1,adaface
255,blur,0.49663147,1,adaface
256,blur,0.28874528,1,adaface
257,blur,0.528418,1,adaface
258,blur,0.5691303,1,adaface
259,blur,0.39084497,1,adaface
260,blur,0.6085316,1,adaface
261,blur,0.4524714,1,adaface
262,blur,0.3573661,1,adaface
263,blur,0.21414691,1,adaface
264,blur,0.19455208,1,adaface
265,blur,0.66555536,1,adaface
266,blur,0.6960048,1,adaface
267,blur,0.4861623,1,adaface
268,blur,0.29765594,1,adaface
269,blur,0.45220336,1,adaface
270,blur,0.41033006,1,adaface
271,blur,0.27518445,1,adaface
272,blur,0.46293628,1,adaface
273,blur,0.41547152,1,adaface
274,blur,0.20456971,1,adaface
275,blur,0.74233127,1,adaface
276,blur,0.36652514,1,adaface
277,blur,0.4464179,1,adaface
278,blur,0.49071407,1,adaface
279,blur,0.5981478,1,adaface
280,blur,0.5753898,1,adaface
281,blur,0.56222564,1,adaface
282,blur,0.57716584,1,adaface
283,blur,0.30507568,1,adaface
284,blur,0.52672136,1,adaface
285,blur,0.63082576,1,adaface
286,blur,0.8166897,1,adaface
287,blur,0.45043838,1,adaface
288,blur,0.544025,1,adaface
289,blur,0.39896953,1,adaface
290,blur,0.3321129,1,adaface
291,blur,0.4672642,1,adaface
292,blur,0.69340193,1,adaface
293,blur,0.2641117,1,adaface
294,blur,0.8439436,1,adaface
295,blur,0.37173098,1,adaface
296,blur,0.4448531,1,adaface
297,blur,0.53061527,1,adaface
298,blur,0.50206673,1,adaface
299,blur,0.6197255,1,adaface
300,blur,0.5047511,0,adaface
301,blur,0.24477497,0,adaface
302,blur,0.19386186,0,adaface
303,blur,0.24476475,0,adaface
304,blur,0.45961532,0,adaface
305,blur,0.2745794,0,adaface
306,blur,0.17765376,0,adaface
307,blur,0.28078613,0,adaface
308,blur,0.4491298,0,adaface
309,blur,0.36187276,0,adaface
310,blur,0.25678,0,adaface
311,blur,0.24709675,0,adaface
312,blur,0.39246306,0,adaface
313,blur,0.17165743,0,adaface
314,blur,0.18957622,0,adaface
315,blur,0.069435045,0,adaface
316,blur,0.3815764,0,adaface
317,blur,0.31574237,0,adaface
318,blur,0.2563721,0,adaface
319,blur,0.14199947,0,adaface
320,blur,0.43801808,0,adaface
321,blur,0.20889093,0,adaface
322,blur,0.19965932,0,adaface
323,blur,0.3675662,0,adaface
324,blur,0.18157429,0,adaface
325,blur,0.16480026,0,adaface
326,blur,0.23624942,0,adaface
327,blur,0.10877283,0,adaface
328,blur,0.284453,0,adaface
329,blur,0.47501045,0,adaface
330,blur,0.30037144,0,adaface
331,blur,0.29333553,0,adaface
332,blur,0.08495565,0,adaface
333,blur,0.14418542,0,adaface
334,blur,0.28485867,0,adaface
335,blur,0.27186346,0,adaface
336,blur,0.22148952,0,adaface
337,blur,0.26930505,0,adaface
338,blur,0.22264898,0,adaface
339,blur,0.19564149,0,adaface
340,blur,0.4725422,0,adaface
341,blur,0.40492415,0,adaface
342,blur,0.28458172,0,adaface
343,blur,0.41370088,0,adaface
344,blur,0.59190816,0,adaface
345,blur,0.33436736,0,adaface
346,blur,0.13730101,0,adaface
347,blur,0.47225294,0,adaface
348,blur,0.22325785,0,adaface
349,blur,0.16719618,0,adaface
350,blur,0.20158705,0,adaface
351,blur,0.13422762,0,adaface
352,blur,0.29161343,0,adaface
353,blur,0.25151837,0,adaface
354,blur,0.3369797,0,adaface
355,blur,0.3290382,0,adaface
356,blur,0.20559299,0,adaface
357,blur,0.2976284,0,adaface
358,blur,0.46279392,0,adaface
359,blur,0.26280254,0,adaface
360,blur,0.49304014,0,adaface
361,blur,0.47239894,0,adaface
362,blur,0.46278882,0,adaface
363,blur,0.34350747,0,adaface
364,blur,0.27683932,0,adaface
365,blur,0.2428814,0,adaface
366,blur,0.29020938,0,adaface
367,blur,0.23804063,0,adaface
368,blur,0.4335356,0,adaface
369,blur,0.16479193,0,adaface
370,blur,0.3810336,0,adaface
371,blur,0.18846782,0,adaface
372,blur,0.22187155,0,adaface
373,blur,0.38092145,0,adaface
374,blur,0.31747317,0,adaface
375,blur,0.27681974,0,adaface
376,blur,0.16436549,0,adaface
377,blur,0.24469653,0,adaface
378,blur,0.05629062,0,adaface
379,blur,0.27139682,0,adaface
380,blur,0.30581668,0,adaface
381,blur,0.36943442,0,adaface
382,blur,0.41186896,0,adaface
383,blur,0.39975798,0,adaface
384,blur,0.30190966,0,adaface
385,blur,0.38526714,0,adaface
386,blur,0.32914165,0,adaface
387,blur,0.087850064,0,adaface
388,blur,0.1824586,0,adaface
389,blur,0.2304523,0,adaface
390,blur,0.06791025,0,adaface
391,blur,0.22879766,0,adaface
392,blur,0.22222854,0,adaface
393,blur,0.27258596,0,adaface
394,blur,0.23752417,0,adaface
395,blur,0.33938065,0,adaface
396,blur,0.33748868,0,adaface
397,blur,0.25165313,0,adaface
398,blur,0.28359112,0,adaface
399,blur,0.35397425,0,adaface
400,blur,0.14630431,0,adaface
401,blur,0.10602787,0,adaface
402,blur,0.292062,0,adaface
403,blur,0.3179048,0,adaface
404,blur,0.25902304,0,adaface
405,blur,0.4304735,0,adaface
406,blur,0.25713772,0,adaface
407,blur,0.34725893,0,adaface
408,blur,0.30456346,0,adaface
409,blur,0.28094634,0,adaface
410,blur,0.39786553,0,adaface
411,blur,0.21296485,0,adaface
412,blur,0.45148638,0,adaface
413,blur,0.26107574,0,adaface
414,blur,0.180439,0,adaface
415,blur,0.26627472,0,adaface
416,blur,0.252941,0,adaface
417,blur,-0.0021286912,0,adaface
418,blur,0.16040787,0,adaface
419,blur,0.06598172,0,adaface
420,blur,0.18973258,0,adaface
421,blur,0.06004276,0,adaface
422,blur,0.13592993,0,adaface
423,blur,0.18147273,0,adaface
424,blur,0.24830371,0,adaface
425,blur,0.1606579,0,adaface
426,blur,0.13539937,0,adaface
427,blur,0.383129,0,adaface
428,blur,0.17257771,0,adaface
429,blur,0.3934622,0,adaface
430,blur,0.22607955,0,adaface
431,blur,0.21015939,0,adaface
432,blur,0.19019112,0,adaface
433,blur,0.4736499,0,adaface
434,blur,0.40732,0,adaface
435,blur,0.30363902,0,adaface
436,blur,0.17226438,0,adaface
437,blur,0.38728893,0,adaface
438,blur,0.21110828,0,adaface
439,blur,0.29510775,0,adaface
440,blur,0.4452324,0,adaface
441,blur,0.22776634,0,adaface
442,blur,0.17694123,0,adaface
443,blur,0.24827802,0,adaface
444,blur,0.07321182,0,adaface
445,blur,0.24023351,0,adaface
446,blur,0.32688895,0,adaface
447,blur,0.20239356,0,adaface
448,blur,0.55153316,0,adaface
449,blur,0.4215676,0,adaface
450,blur,0.32205945,0,adaface
451,blur,0.120253734,0,adaface
452,blur,0.021366272,0,adaface
453,blur,0.28642386,0,adaface
454,blur,0.26711375,0,adaface
455,blur,0.19229445,0,adaface
456,blur,0.28769544,0,adaface
457,blur,0.19006656,0,adaface
458,blur,0.34319648,0,adaface
459,blur,0.24711084,0,adaface
460,blur,0.45891482,0,adaface
461,blur,0.14006858,0,adaface
462,blur,0.21962275,0,adaface
463,blur,0.119691625,0,adaface
464,blur,0.19917327,0,adaface
465,blur,0.14974837,0,adaface
466,blur,0.29963157,0,adaface
467,blur,0.19268319,0,adaface
468,blur,0.0972167,0,adaface
469,blur,0.3415381,0,adaface
470,blur,0.15697773,0,adaface
471,blur,0.15612933,0,adaface
472,blur,0.52702117,0,adaface
473,blur,0.3405577,0,adaface
474,blur,0.34731272,0,adaface
475,blur,0.2033575,0,adaface
476,blur,0.44085822,0,adaface
477,blur,0.071747825,0,adaface
478,blur,0.35956386,0,adaface
479,blur,0.2998376,0,adaface
480,blur,0.12068621,0,adaface
481,blur,0.43872115,0,adaface
482,blur,0.3740387,0,adaface
483,blur,0.33642,0,adaface
484,blur,0.3203087,0,adaface
485,blur,0.10204327,0,adaface
486,blur,0.17585382,0,adaface
487,blur,0.26272756,0,adaface
488,blur,0.14641596,0,adaface
489,blur,0.2988776,0,adaface
490,blur,0.35151935,0,adaface
491,blur,0.2893464,0,adaface
492,blur,0.38671926,0,adaface
493,blur,0.4583841,0,adaface
494,blur,0.33708295,0,adaface
495,blur,0.44427788,0,adaface
496,blur,0.23167634,0,adaface
497,blur,0.23253606,0,adaface
498,blur,0.34735984,0,adaface
499,blur,0.28888407,0,adaface
500,blur,0.23082334,0,adaface
501,blur,0.3303759,0,adaface
502,blur,0.37693846,0,adaface
503,blur,0.27706802,0,adaface
504,blur,0.019119011,0,adaface
505,blur,0.4774652,0,adaface
506,blur,0.5059921,0,adaface
507,blur,0.26551124,0,adaface
508,blur,0.24751827,0,adaface
509,blur,0.4051793,0,adaface
510,blur,0.3196257,0,adaface
511,blur,0.48174098,0,adaface
512,blur,0.31864992,0,adaface
513,blur,0.3527506,0,adaface
514,blur,0.48642462,0,adaface
515,blur,0.33303794,0,adaface
516,blur,0.13063318,0,adaface
517,blur,0.44282487,0,adaface
518,blur,0.11332664,0,adaface
519,blur,0.43732625,0,adaface
520,blur,0.36163723,0,adaface
521,blur,0.343406,0,adaface
522,blur,0.20997393,0,adaface
523,blur,0.136067,0,adaface
524,blur,0.40929735,0,adaface
525,blur,0.37496692,0,adaface
526,blur,0.28048626,0,adaface
527,blur,0.4635448,0,adaface
528,blur,0.4173742,0,adaface
529,blur,0.49192238,0,adaface
530,blur,0.28776565,0,adaface
531,blur,0.16788748,0,adaface
532,blur,0.18985057,0,adaface
533,blur,0.48242882,0,adaface
534,blur,0.21938443,0,adaface
535,blur,0.20706405,0,adaface
536,blur,0.20964475,0,adaface
537,blur,0.3319471,0,adaface
538,blur,0.22600676,0,adaface
539,blur,0.28368238,0,adaface
540,blur,0.44482967,0,adaface
541,blur,0.21523714,0,adaface
542,blur,0.333175,0,adaface
543,blur,0.26538157,0,adaface
544,blur,0.23968235,0,adaface
545,blur,0.34602103,0,adaface
546,blur,0.16314551,0,adaface
547,blur,0.23643601,0,adaface
548,blur,0.11020558,0,adaface
549,blur,0.31527427,0,adaface
550,blur,0.24225692,0,adaface
551,blur,0.45360646,0,adaface
552,blur,0.2779054,0,adaface
553,blur,0.29354072,0,adaface
554,blur,0.27099594,0,adaface
555,blur,0.16314703,0,adaface
556,blur,0.24587736,0,adaface
557,blur,0.54918826,0,adaface
558,blur,-0.06701875,0,adaface
559,blur,0.33187705,0,adaface
560,blur,0.4741538,0,adaface
561,blur,0.22617136,0,adaface
562,blur,0.22436608,0,adaface
563,blur,0.4366619,0,adaface
564,blur,0.19884574,0,adaface
565,blur,-0.018300751,0,adaface
566,blur,0.2554567,0,adaface
567,blur,0.30768973,0,adaface
568,blur,0.36058477,0,adaface
569,blur,0.38599616,0,adaface
570,blur,0.26075053,0,adaface
571,blur,0.17917886,0,adaface
572,blur,0.24456382,0,adaface
573,blur,0.20749141,0,adaface
574,blur,0.27193785,0,adaface
575,blur,0.25189638,0,adaface
576,blur,0.31164846,0,adaface
577,blur,0.3062482,0,adaface
578,blur,0.2691748,0,adaface
579,blur,0.32729885,0,adaface
580,blur,0.32818943,0,adaface
581,blur,0.37844437,0,adaface
582,blur,0.31268677,0,adaface
583,blur,0.17520739,0,adaface
584,blur,0.036838397,0,adaface
585,blur,0.11947041,0,adaface
586,blur,0.17883994,0,adaface
587,blur,0.41042262,0,adaface
588,blur,0.4188292,0,adaface
589,blur,0.34747842,0,adaface
590,blur,0.22832426,0,adaface
591,blur,0.22826771,0,adaface
592,blur,0.22667018,0,adaface
593,blur,0.41006625,0,adaface
594,blur,0.21182717,0,adaface
595,blur,0.24664882,0,adaface
596,blur,0.35160485,0,adaface
597,blur,0.29139352,0,adaface
598,blur,0.103239134,0,adaface
599,blur,0.15381923,0,adaface
0,brightness,0.41276607,1,adaface
1,brightness,0.5191668,1,adaface
2,brightness,0.21966584,1,adaface
3,brightness,0.7644125,1,adaface
4,brightness,0.5146365,1,adaface
5,brightness,0.49247518,1,adaface
6,brightness,0.81499654,1,adaface
7,brightness,0.5223566,1,adaface
8,brightness,0.26288155,1,adaface
9,brightness,0.6979545,1,adaface
10,brightness,0.43517825,1,adaface
11,brightness,0.34492078,1,adaface
12,brightness,0.64830697,1,adaface
13,brightness,0.68025416,1,adaface
14,brightness,0.3481884,1,adaface
15,brightness,0.47903278,1,adaface
16,brightness,0.77272195,1,adaface
17,brightness,0.5628858,1,adaface
18,brightness,0.49438787,1,adaface
19,brightness,0.29123372,1,adaface
20,brightness,0.3382364,1,adaface
21,brightness,0.37442645,1,adaface
22,brightness,0.6010486,1,adaface
23,brightness,0.5026179,1,adaface
24,brightness,0.0806443,1,adaface
25,brightness,0.434938,1,adaface
26,brightness,0.40410638,1,adaface
27,brightness,0.5835151,1,adaface
28,brightness,0.4605779,1,adaface
29,brightness,0.4623128,1,adaface
30,brightness,0.4928152,1,adaface
31,brightness,0.6194308,1,adaface
32,brightness,0.43909475,1,adaface
33,brightness,0.59125066,1,adaface
34,brightness,0.26156256,1,adaface
35,brightness,0.56940144,1,adaface
36,brightness,0.75808406,1,adaface
37,brightness,0.4398102,1,adaface
38,brightness,0.4363335,1,adaface
39,brightness,0.5741495,1,adaface
40,brightness,0.60530436,1,adaface
41,brightness,0.6340841,1,adaface
42,brightness,0.7106708,1,adaface
43,brightness,0.26514295,1,adaface
44,brightness,0.3323773,1,adaface
45,brightness,0.5507337,1,adaface
46,brightness,0.65766156,1,adaface
47,brightness,0.3707852,1,adaface
48,brightness,0.6390944,1,adaface
49,brightness,0.6274144,1,adaface
50,brightness,0.46225563,1,adaface
51,brightness,0.5214701,1,adaface
52,brightness,0.59625727,1,adaface
53,brightness,0.27945825,1,adaface
54,brightness,0.49232027,1,adaface
55,brightness,0.5008698,1,adaface
56,brightness,0.6964804,1,adaface
57,brightness,0.816193,1,adaface
58,brightness,0.40520346,1,adaface
59,brightness,0.18078217,1,adaface
60,brightness,0.48017138,1,adaface
61,brightness,0.41813165,1,adaface
62,brightness,0.4197279,1,adaface
63,brightness,0.5378988,1,adaface
64,brightness,0.70315844,1,adaface
65,brightness,0.65086377,1,adaface
66,brightness,0.3948532,1,adaface
67,brightness,0.5648286,1,adaface
68,brightness,0.54662347,1,adaface
69,brightness,0.5145794,1,adaface
70,brightness,0.43974704,1,adaface
71,brightness,0.43891206,1,adaface
72,brightness,0.35448578,1,adaface
73,brightness,0.4315477,1,adaface
74,brightness,0.46969336,1,adaface
75,brightness,0.7291385,1,adaface
76,brightness,0.42431796,1,adaface
77,brightness,0.63214785,1,adaface
78,brightness,0.37832436,1,adaface
79,brightness,0.5033698,1,adaface
80,brightness,0.47432292,1,adaface
81,brightness,0.29703462,1,adaface
82,brightness,0.67762053,1,adaface
83,brightness,0.56331986,1,adaface
84,brightness,0.5127806,1,adaface
85,brightness,0.40443283,1,adaface
86,brightness,0.43059278,1,adaface
87,brightness,0.51040614,1,adaface
88,brightness,0.46558425,1,adaface
89,brightness,0.30387574,1,adaface
90,brightness,0.6167147,1,adaface
91,brightness,0.34139594,1,adaface
92,brightness,0.21672343,1,adaface
93,brightness,0.16637485,1,adaface
94,brightness,0.52624744,1,adaface
95,brightness,0.57710326,1,adaface
96,brightness,0.48392826,1,adaface
97,brightness,0.45550188,1,adaface
98,brightness,0.38435525,1,adaface
99,brightness,0.56679946,1,adaface
100,brightness,0.5544654,1,adaface
101,brightness,0.44001272,1,adaface
102,brightness,0.576982,1,adaface
103,brightness,0.55360836,1,adaface
104,brightness,0.64604783,1,adaface
105,brightness,0.45958892,1,adaface
106,brightness,0.42273545,1,adaface
107,brightness,0.6506743,1,adaface
108,brightness,0.5852194,1,adaface
109,brightness,0.5536096,1,adaface
110,brightness,0.40786666,1,adaface
111,brightness,0.5108121,1,adaface
112,brightness,0.42251793,1,adaface
113,brightness,0.7346074,1,adaface
114,brightness,0.27343547,1,adaface
115,brightness,0.4467991,1,adaface
116,brightness,0.46563727,1,adaface
117,brightness,0.6509341,1,adaface
118,brightness,0.73390234,1,adaface
119,brightness,0.5075578,1,adaface
120,brightness,0.46577007,1,adaface
121,brightness,0.46263328,1,adaface
122,brightness,0.38723427,1,adaface
123,brightness,0.5319808,1,adaface
124,brightness,0.3366076,1,adaface
125,brightness,0.33133718,1,adaface
126,brightness,0.48600602,1,adaface
127,brightness,0.51084745,1,adaface
128,brightness,0.69615865,1,adaface
129,brightness,0.52996004,1,adaface
130,brightness,0.38512462,1,adaface
131,brightness,0.5990921,1,adaface
132,brightness,0.20708819,1,adaface
133,brightness,0.42592633,1,adaface
134,brightness,0.55588424,1,adaface
135,brightness,0.63682777,1,adaface
136,brightness,0.29482496,1,adaface
137,brightness,0.43524557,1,adaface
138,brightness,0.5981797,1,adaface
139,brightness,0.42074078,1,adaface
140,brightness,0.75719273,1,adaface
141,brightness,0.58928394,1,adaface
142,brightness,0.42598352,1,adaface
143,brightness,0.6535033,1,adaface
144,brightness,0.35485777,1,adaface
145,brightness,0.44782904,1,adaface
146,brightness,0.44234195,1,adaface
147,brightness,0.47348723,1,adaface
148,brightness,0.19418769,1,adaface
149,brightness,0.29278365,1,adaface
150,brightness,0.29723552,1,adaface
151,brightness,0.6781229,1,adaface
152,brightness,0.31165692,1,adaface
153,brightness,0.68752503,1,adaface
154,brightness,0.4568128,1,adaface
155,brightness,0.7022096,1,adaface
156,brightness,0.180303,1,adaface
157,brightness,0.50826216,1,adaface
158,brightness,0.26117116,1,adaface
159,brightness,0.47742528,1,adaface
160,brightness,0.30202118,1,adaface
161,brightness,0.8981416,1,adaface
162,brightness,0.51762193,1,adaface
163,brightness,0.5519791,1,adaface
164,brightness,0.7361086,1,adaface
165,brightness,0.864179,1,adaface
166,brightness,0.6573352,1,adaface
167,brightness,0.5129581,1,adaface
168,brightness,0.31360763,1,adaface
169,brightness,0.22471407,1,adaface
170,brightness,0.43005985,1,adaface
171,brightness,0.23861341,1,adaface
172,brightness,0.45700473,1,adaface
173,brightness,0.44123036,1,adaface
174,brightness,0.669228,1,adaface
175,brightness,0.50127316,1,adaface
176,brightness,0.67400724,1,adaface
177,brightness,0.52091956,1,adaface
178,brightness,0.59390044,1,adaface
179,brightness,0.37889537,1,adaface
180,brightness,0.43649465,1,adaface
181,brightness,0.2075668,1,adaface
182,brightness,0.09080442,1,adaface
183,brightness,0.068875745,1,adaface
184,brightness,0.28491566,1,adaface
185,brightness,0.50716287,1,adaface
186,brightness,0.67838943,1,adaface
187,brightness,0.18359317,1,adaface
188,brightness,0.36066058,1,adaface
189,brightness,0.41001904,1,adaface
190,brightness,0.49789643,1,adaface
191,brightness,0.6389741,1,adaface
192,brightness,0.4978331,1,adaface
193,brightness,0.6223509,1,adaface
194,brightness,0.6921961,1,adaface
195,brightness,0.70685464,1,adaface
196,brightness,0.4639609,1,adaface
197,brightness,0.57330877,1,adaface
198,brightness,0.39606893,1,adaface
199,brightness,0.6415994,1,adaface
200,brightness,0.58235115,1,adaface
201,brightness,0.3797432,1,adaface
202,brightness,0.2604396,1,adaface
203,brightness,0.62544876,1,adaface
204,brightness,0.50193447,1,adaface
205,brightness,0.62500656,1,adaface
206,brightness,0.45783424,1,adaface
207,brightness,0.401347,1,adaface
208,brightness,0.54308724,1,adaface
209,brightness,0.50231266,1,adaface
210,brightness,0.39242214,1,adaface
211,brightness,0.6331674,1,adaface
212,brightness,0.6534676,1,adaface
213,brightness,0.63944286,1,adaface
214,brightness,0.14734086,1,adaface
215,brightness,0.44894475,1,adaface
216,brightness,0.6762193,1,adaface
217,brightness,0.59215975,1,adaface
218,brightness,0.28741935,1,adaface
219,brightness,0.6025466,1,adaface
220,brightness,0.4486486,1,adaface
221,brightness,0.16305462,1,adaface
222,brightness,0.33658525,1,adaface
223,brightness,0.41846752,1,adaface
224,brightness,0.38667405,1,adaface
225,brightness,0.4794601,1,adaface
226,brightness,0.5504706,1,adaface
227,brightness,0.63585293,1,adaface
228,brightness,0.61640304,1,adaface
229,brightness,0.6429395,1,adaface
230,brightness,0.674718,1,adaface
231,brightness,0.6199877,1,adaface
232,brightness,0.64756256,1,adaface
233,brightness,0.3754194,1,adaface
234,brightness,0.4520858,1,adaface
235,brightness,0.54121023,1,adaface
236,brightness,0.2087153,1,adaface
237,brightness,0.44448072,1,adaface
238,brightness,0.22646719,1,adaface
239,brightness,0.667814,1,adaface
240,brightness,0.24604863,1,adaface
241,brightness,0.63766885,1,adaface
242,brightness,0.14920099,1,adaface
243,brightness,0.44048837,1,adaface
244,brightness,0.5304411,1,adaface
245,brightness,0.43507227,1,adaface
246,brightness,0.39621744,1,adaface
247,brightness,0.7325009,1,adaface
248,brightness,0.51036614,1,adaface
249,brightness,0.5544368,1,adaface
250,brightness,0.37655863,1,adaface
251,brightness,0.34753975,1,adaface
252,brightness,0.64751965,1,adaface
253,brightness,0.6150328,1,adaface
254,brightness,0.29637414,1,adaface
255,brightness,0.48366433,1,adaface
256,brightness,0.32081786,1,adaface
257,brightness,0.5002974,1,adaface
258,brightness,0.5288562,1,adaface
259,brightness,0.43648842,1,adaface
260,brightness,0.6095122,1,adaface
261,brightness,0.55056924,1,adaface
262,brightness,0.32593986,1,adaface
263,brightness,0.35569087,1,adaface
264,brightness,0.44261122,1,adaface
265,brightness,0.65451753,1,adaface
266,brightness,0.70699954,1,adaface
267,brightness,0.5711703,1,adaface
268,brightness,0.36644045,1,adaface
269,brightness,0.4651554,1,adaface
270,brightness,0.3778069,1,adaface
271,brightness,0.301958,1,adaface
272,brightness,0.49641544,1,adaface
273,brightness,0.4087067,1,adaface
274,brightness,0.24144034,1,adaface
275,brightness,0.7736314,1,adaface
276,brightness,0.36966252,1,adaface
277,brightness,0.45707172,1,adaface
278,brightness,0.46570948,1,adaface
279,brightness,0.55421305,1,adaface
280,brightness,0.5555232,1,adaface
281,brightness,0.44238696,1,adaface
282,brightness,0.62337315,1,adaface
283,brightness,0.3420504,1,adaface
284,brightness,0.5001442,1,adaface
285,brightness,0.6004768,1,adaface
286,brightness,0.776632,1,adaface
287,brightness,0.48937768,1,adaface
288,brightness,0.46755832,1,adaface
289,brightness,0.39322868,1,adaface
290,brightness,0.43270442,1,adaface
291,brightness,0.48199376,1,adaface
292,brightness,0.6605832,1,adaface
293,brightness,0.2752064,1,adaface
294,brightness,0.82168126,1,adaface
295,brightness,0.40444118,1,adaface
296,brightness,0.4668487,1,adaface
297,brightness,0.53990865,1,adaface
298,brightness,0.49180037,1,adaface
299,brightness,0.6883987,1,adaface
300,brightness,0.4660988,0,adaface
301,brightness,0.2677391,0,adaface
302,brightness,0.15080014,0,adaface
303,brightness,0.22195481,0,adaface
304,brightness,0.4980812,0,adaface
305,brightness,0.28451264,0,adaface
306,brightness,0.22498985,0,adaface
307,brightness,0.25321913,0,adaface
308,brightness,0.5106077,0,adaface
309,brightness,0.37770087,0,adaface
310,brightness,0.22790287,0,adaface
311,brightness,0.22450697,0,adaface
312,brightness,0.34987274,0,adaface
313,brightness,0.24209353,0,adaface
314,brightness,0.2714316,0,adaface
315,brightness,0.11845083,0,adaface
316,brightness,0.3960461,0,adaface
317,brightness,0.37117735,0,adaface
318,brightness,0.19473389,0,adaface
319,brightness,0.17639074,0,adaface
320,brightness,0.47871745,0,adaface
321,brightness,0.23464353,0,adaface
322,brightness,0.25601906,0,adaface
323,brightness,0.35057855,0,adaface
324,brightness,0.1647764,0,adaface
325,brightness,0.1438708,0,adaface
326,brightness,0.20608144,0,adaface
327,brightness,0.14524141,0,adaface
328,brightness,0.27966222,0,adaface
329,brightness,0.4497016,0,adaface
330,brightness,0.3105599,0,adaface
331,brightness,0.33225667,0,adaface
332,brightness,0.07631057,0,adaface
333,brightness,0.14258133,0,adaface
334,brightness,0.27295297,0,adaface
335,brightness,0.26432905,0,adaface
336,brightness,0.30204773,0,adaface
337,brightness,0.33897552,0,adaface
338,brightness,0.2827704,0,adaface
339,brightness,0.2692516,0,adaface
340,brightness,0.41269255,0,adaface
341,brightness,0.41903186,0,adaface
342,brightness,0.3306353,0,adaface
343,brightness,0.4333266,0,adaface
344,brightness,0.631489,0,adaface
345,brightness,0.34458578,0,adaface
346,brightness,0.15015978,0,adaface
347,brightness,0.49686846,0,adaface
348,brightness,0.1833945,0,adaface
349,brightness,0.1755188,0,adaface
350,brightness,0.18210268,0,adaface
351,brightness,0.13266051,0,adaface
352,brightness,0.35009435,0,adaface
353,brightness,0.2267971,0,adaface
354,brightness,0.29362062,0,adaface
355,brightness,0.34535712,0,adaface
356,brightness,0.1916054,0,adaface
357,brightness,0.26033574,0,adaface
358,brightness,0.4569562,0,adaface
359,brightness,0.2871231,0,adaface
360,brightness,0.5086631,0,adaface
361,brightness,0.4866821,0,adaface
362,brightness,0.44404525,0,adaface
363,brightness,0.3286648,0,adaface
364,brightness,0.31207892,0,adaface
365,brightness,0.20438515,0,adaface
366,brightness,0.3464148,0,adaface
367,brightness,0.26959884,0,adaface
368,brightness,0.45754763,0,adaface
369,brightness,0.25912583,0,adaface
370,brightness,0.39623302,0,adaface
371,brightness,0.20459208,0,adaface
372,brightness,0.3158455,0,adaface
373,brightness,0.38873976,0,adaface
374,brightness,0.36747664,0,adaface
375,brightness,0.30679962,0,adaface
376,brightness,0.24038711,0,adaface
377,brightness,0.20755742,0,adaface
378,brightness,0.03802342,0,adaface
379,brightness,0.34420583,0,adaface
380,brightness,0.22589114,0,adaface
381,brightness,0.3690977,0,adaface
382,brightness,0.3745521,0,adaface
383,brightness,0.45636702,0,adaface
384,brightness,0.36790025,0,adaface
385,brightness,0.42596814,0,adaface
386,brightness,0.31813547,0,adaface
387,brightness,0.10846914,0,adaface
388,brightness,0.14127482,0,adaface
389,brightness,0.29412535,0,adaface
390,brightness,0.070479915,0,adaface
391,brightness,0.23385096,0,adaface
392,brightness,0.19205822,0,adaface
393,brightness,0.23025446,0,adaface
394,brightness,0.29859227,0,adaface
395,brightness,0.32874975,0,adaface
396,brightness,0.37643155,0,adaface
397,brightness,0.35856283,0,adaface
398,brightness,0.31100303,0,adaface
399,brightness,0.33836013,0,adaface
400,brightness,0.13560006,0,adaface
401,brightness,0.20366009,0,adaface
402,brightness,0.28608692,0,adaface
403,brightness,0.38330728,0,adaface
404,brightness,0.26188192,0,adaface
405,brightness,0.40621072,0,adaface
406,brightness,0.20480224,0,adaface
407,brightness,0.35661003,0,adaface
408,brightness,0.25684157,0,adaface
409,brightness,0.23050901,0,adaface
410,brightness,0.39443108,0,adaface
411,brightness,0.20091103,0,adaface
412,brightness,0.49238333,0,adaface
413,brightness,0.2905926,0,adaface
414,brightness,0.13348003,0,adaface
415,brightness,0.2473129,0,adaface
416,brightness,0.24681921,0,adaface
417,brightness,0.15418509,0,adaface
418,brightness,0.32671848,0,adaface
419,brightness,0.0799681,0,adaface
420,brightness,0.11452785,0,adaface
421,brightness,0.062939815,0,adaface
422,brightness,0.14718151,0,adaface
423,brightness,0.2354062,0,adaface
424,brightness,0.2594258,0,adaface
425,brightness,0.24927731,0,adaface
426,brightness,0.11816241,0,adaface
427,brightness,0.36790115,0,adaface
428,brightness,0.19868888,0,adaface
429,brightness,0.3787575,0,adaface
430,brightness,0.30739433,0,adaface
431,brightness,0.2210834,0,adaface
432,brightness,0.14929377,0,adaface
433,brightness,0.43141997,0,adaface
434,brightness,0.4374719,0,adaface
435,brightness,0.33533418,0,adaface
436,brightness,0.21962205,0,adaface
437,brightness,0.42910972,0,adaface
438,brightness,0.2571298,0,adaface
439,brightness,0.35047513,0,adaface
440,brightness,0.43472493,0,adaface
441,brightness,0.25122184,0,adaface
442,brightness,0.09832015,0,adaface
443,brightness,0.23002826,0,adaface
444,brightness,0.12744462,0,adaface
445,brightness,0.2580393,0,adaface
446,brightness,0.34150216,0,adaface
447,brightness,0.18045726,0,adaface
448,brightness,0.5167112,0,adaface
449,brightness,0.30401587,0,adaface
450,brightness,0.31897885,0,adaface
451,brightness,0.13587877,0,adaface
452,brightness,0.0315632,0,adaface
453,brightness,0.26044872,0,adaface
454,brightness,0.2845435,0,adaface
455,brightness,0.21738803,0,adaface
456,brightness,0.314106,0,adaface
457,brightness,0.2163509,0,adaface
458,brightness,0.34816876,0,adaface
459,brightness,0.32829514,0,adaface
460,brightness,0.46375373,0,adaface
461,brightness,0.15947936,0,adaface
462,brightness,0.31037655,0,adaface
463,brightness,0.11452892,0,adaface
464,brightness,0.27549097,0,adaface
465,brightness,0.20753375,0,adaface
466,brightness,0.33133504,0,adaface
467,brightness,0.28710184,0,adaface
468,brightness,0.13084209,0,adaface
469,brightness,0.34727246,0,adaface
470,brightness,0.19171767,0,adaface
471,brightness,0.16298333,0,adaface
472,brightness,0.5270887,0,adaface
473,brightness,0.23763882,0,adaface
474,brightness,0.3720314,0,adaface
475,brightness,0.2209591,0,adaface
476,brightness,0.45059794,0,adaface
477,brightness,0.13549475,0,adaface
478,brightness,0.39828813,0,adaface
479,brightness,0.25169316,0,adaface
480,brightness,0.16762316,0,adaface
481,brightness,0.43692133,0,adaface
482,brightness,0.48004463,0,adaface
483,brightness,0.34232593,0,adaface
484,brightness,0.43971756,0,adaface
485,brightness,0.13164997,0,adaface
486,brightness,0.24177714,0,adaface
487,brightness,0.27427718,0,adaface
488,brightness,0.13856754,0,adaface
489,brightness,0.29502785,0,adaface
490,brightness,0.38630423,0,adaface
491,brightness,0.24214669,0,adaface
492,brightness,0.37885898,0,adaface
493,brightness,0.47930843,0,adaface
494,brightness,0.32922128,0,adaface
495,brightness,0.47540808,0,adaface
496,brightness,0.23494688,0,adaface
497,brightness,0.10075378,0,adaface
498,brightness,0.33362132,0,adaface
499,brightness,0.2720542,0,adaface
500,brightness,0.251675,0,adaface
501,brightness,0.33787787,0,adaface
502,brightness,0.42869943,0,adaface
503,brightness,0.27997774,0,adaface
504,brightness,0.04036387,0,adaface
505,brightness,0.50824744,0,adaface
506,brightness,0.44272774,0,adaface
507,brightness,0.32138255,0,adaface
508,brightness,0.24836335,0,adaface
509,brightness,0.41925225,0,adaface
510,brightness,0.3209881,0,adaface
511,brightness,0.5076731,0,adaface
512,brightness,0.3669415,0,adaface
513,brightness,0.31507757,0,adaface
514,brightness,0.50185055,0,adaface
515,brightness,0.36418608,0,adaface
516,brightness,0.12675788,0,adaface
517,brightness,0.43648142,0,adaface
518,brightness,0.16850679,0,adaface
519,brightness,0.48850718,0,adaface
520,brightness,0.343288,0,adaface
521,brightness,0.29070577,0,adaface
522,brightness,0.21330443,0,adaface
523,brightness,0.15842535,0,adaface
524,brightness,0.42884803,0,adaface
525,brightness,0.42322978,0,adaface
526,brightness,0.30637297,0,adaface
527,brightness,0.51109165,0,adaface
528,brightness,0.43508688,0,adaface
529,brightness,0.49135658,0,adaface
530,brightness,0.25577897,0,adaface
531,brightness,0.17057769,0,adaface
532,brightness,0.24079035,0,adaface
533,brightness,0.49661055,0,adaface
534,brightness,0.23102328,0,adaface
535,brightness,0.24404997,0,adaface
536,brightness,0.24272835,0,adaface
537,brightness,0.2932212,0,adaface
538,brightness,0.2055051,0,adaface
539,brightness,0.3170359,0,adaface
540,brightness,0.4749951,0,adaface
541,brightness,0.20170556,0,adaface
542,brightness,0.32411703,0,adaface
543,brightness,0.2838296,0,adaface
544,brightness,0.2588789,0,adaface
545,brightness,0.2719166,0,adaface
546,brightness,0.13267213,0,adaface
547,brightness,0.24782477,0,adaface
548,brightness,0.06979104,0,adaface
549,brightness,0.344808,0,adaface
550,brightness,0.37277654,0,adaface
551,brightness,0.35686612,0,adaface
552,brightness,0.2550759,0,adaface
553,brightness,0.3124668,0,adaface
554,brightness,0.28828773,0,adaface
555,brightness,0.19527829,0,adaface
556,brightness,0.2596585,0,adaface
557,brightness,0.59308016,0,adaface
558,brightness,0.046692256,0,adaface
559,brightness,0.3723618,0,adaface
560,brightness,0.45148253,0,adaface
561,brightness,0.20688972,0,adaface
562,brightness,0.1645288,0,adaface
563,brightness,0.42963484,0,adaface
564,brightness,0.18366241,0,adaface
565,brightness,0.044423588,0,adaface
566,brightness,0.32230562,0,adaface
567,brightness,0.31683412,0,adaface
568,brightness,0.42186713,0,adaface
569,brightness,0.38596776,0,adaface
570,brightness,0.24929692,0,adaface
571,brightness,0.23356153,0,adaface
572,brightness,0.30889568,0,adaface
573,brightness,0.24648565,0,adaface
574,brightness,0.33319137,0,adaface
575,brightness,0.30251905,0,adaface
576,brightness,0.30009097,0,adaface
577,brightness,0.32861653,0,adaface
578,brightness,0.23029204,0,adaface
579,brightness,0.408084,0,adaface
580,brightness,0.2964998,0,adaface
581,brightness,0.35301012,0,adaface
582,brightness,0.3316556,0,adaface
583,brightness,0.13619451,0,adaface
584,brightness,0.02879612,0,adaface
585,brightness,0.21045044,0,adaface
586,brightness,0.23204103,0,adaface
587,brightness,0.41240212,0,adaface
588,brightness,0.35967013,0,adaface
589,brightness,0.3479049,0,adaface
590,brightness,0.19837111,0,adaface
591,brightness,0.18464714,0,adaface
592,brightness,0.2675347,0,adaface
593,brightness,0.41838503,0,adaface
594,brightness,0.25684267,0,adaface
595,brightness,0.24948092,0,adaface
596,brightness,0.3708207,0,adaface
597,brightness,0.24176337,0,adaface
598,brightness,0.1255176,0,adaface
599,brightness,0.16878797,0,adaface
0,skin_smooth,0.223052,1,adaface
1,skin_smooth,0.56954056,1,adaface
2,skin_smooth,0.245486,1,adaface
3,skin_smooth,0.78469104,1,adaface
4,skin_smooth,0.53027755,1,adaface
5,skin_smooth,0.5200096,1,adaface
6,skin_smooth,0.76127356,1,adaface
7,skin_smooth,0.49406597,1,adaface
8,skin_smooth,0.19522336,1,adaface
9,skin_smooth,0.71856475,1,adaface
10,skin_smooth,0.28002417,1,adaface
11,skin_smooth,0.30327764,1,adaface
12,skin_smooth,0.6296289,1,adaface
13,skin_smooth,0.62613666,1,adaface
14,skin_smooth,0.36249584,1,adaface
15,skin_smooth,0.45728192,1,adaface
16,skin_smooth,0.68241894,1,adaface
17,skin_smooth,0.52207637,1,adaface
18,skin_smooth,0.44719085,1,adaface
19,skin_smooth,0.3620629,1,adaface
20,skin_smooth,0.24976362,1,adaface
21,skin_smooth,0.3563268,1,adaface
22,skin_smooth,0.63731015,1,adaface
23,skin_smooth,0.39500695,1,adaface
24,skin_smooth,0.08679785,1,adaface
25,skin_smooth,0.44469878,1,adaface
26,skin_smooth,0.3805718,1,adaface
27,skin_smooth,0.58226717,1,adaface
28,skin_smooth,0.45370728,1,adaface
29,skin_smooth,0.411451,1,adaface
30,skin_smooth,0.4136369,1,adaface
31,skin_smooth,0.5673222,1,adaface
32,skin_smooth,0.4512782,1,adaface
33,skin_smooth,0.61950463,1,adaface
34,skin_smooth,0.31555638,1,adaface
35,skin_smooth,0.51905817,1,adaface
36,skin_smooth,0.7610094,1,adaface
37,skin_smooth,0.44702336,1,adaface
38,skin_smooth,0.44920444,1,adaface
39,skin_smooth,0.61298263,1,adaface
40,skin_smooth,0.50298494,1,adaface
41,skin_smooth,0.607077,1,adaface
42,skin_smooth,0.7249505,1,adaface
43,skin_smooth,0.24778932,1,adaface
44,skin_smooth,0.34014058,1,adaface
45,skin_smooth,0.60783315,1,adaface
46,skin_smooth,0.639051,1,adaface
47,skin_smooth,0.38189736,1,adaface
48,skin_smooth,0.6161844,1,adaface
49,skin_smooth,0.5975828,1,adaface
50,skin_smooth,0.4499178,1,adaface
51,skin_smooth,0.4921197,1,adaface
52,skin_smooth,0.47371483,1,adaface
53,skin_smooth,0.26844364,1,adaface
54,skin_smooth,0.47150874,1,adaface
55,skin_smooth,0.52843314,1,adaface
56,skin_smooth,0.6756721,1,adaface
57,skin_smooth,0.7743686,1,adaface
58,skin_smooth,0.31744397,1,adaface
59,skin_smooth,0.14486217,1,adaface
60,skin_smooth,0.4895185,1,adaface
61,skin_smooth,0.38745716,1,adaface
62,skin_smooth,0.37760592,1,adaface
63,skin_smooth,0.4917446,1,adaface
64,skin_smooth,0.6995885,1,adaface
65,skin_smooth,0.65807164,1,adaface
66,skin_smooth,0.48840788,1,adaface
67,skin_smooth,0.47971967,1,adaface
68,skin_smooth,0.5082719,1,adaface
69,skin_smooth,0.41263148,1,adaface
70,skin_smooth,0.25831187,1,adaface
71,skin_smooth,0.6657889,1,adaface
72,skin_smooth,0.3207422,1,adaface
73,skin_smooth,0.4141904,1,adaface
74,skin_smooth,0.4754478,1,adaface
75,skin_smooth,0.7120748,1,adaface
76,skin_smooth,0.3988166,1,adaface
77,skin_smooth,0.5967651,1,adaface
78,skin_smooth,0.36057535,1,adaface
79,skin_smooth,0.43412653,1,adaface
80,skin_smooth,0.48460174,1,adaface
81,skin_smooth,0.32267258,1,adaface
82,skin_smooth,0.6620641,1,adaface
83,skin_smooth,0.5100096,1,adaface
84,skin_smooth,0.51926583,1,adaface
85,skin_smooth,0.4102113,1,adaface
86,skin_smooth,0.41250783,1,adaface
87,skin_smooth,0.51146036,1,adaface
88,skin_smooth,0.35306814,1,adaface
89,skin_smooth,0.23686717,1,adaface
90,skin_smooth,0.60775644,1,adaface
91,skin_smooth,0.44942042,1,adaface
92,skin_smooth,0.2667607,1,adaface
93,skin_smooth,0.11575005,1,adaface
94,skin_smooth,0.43017012,1,adaface
95,skin_smooth,0.57815564,1,adaface
96,skin_smooth,0.41868088,1,adaface
97,skin_smooth,0.40601772,1,adaface
98,skin_smooth,0.39430726,1,adaface
99,skin_smooth,0.5508666,1,adaface
100,skin_smooth,0.5684687,1,adaface
101,skin_smooth,0.46297157,1,adaface
102,skin_smooth,0.59915996,1,adaface
103,skin_smooth,0.59714955,1,adaface
104,skin_smooth,0.5976164,1,adaface
105,skin_smooth,0.5205418,1,adaface
106,skin_smooth,0.4278435,1,adaface
107,skin_smooth,0.5871804,1,adaface
108,skin_smooth,0.58027834,1,adaface
109,skin_smooth,0.50692004,1,adaface
110,skin_smooth,0.41493848,1,adaface
111,skin_smooth,0.49289057,1,adaface
112,skin_smooth,0.4792344,1,adaface
113,skin_smooth,0.7033507,1,adaface
114,skin_smooth,0.3425729,1,adaface
115,skin_smooth,0.43110317,1,adaface
116,skin_smooth,0.46483418,1,adaface
117,skin_smooth,0.6731532,1,adaface
118,skin_smooth,0.76089776,1,adaface
119,skin_smooth,0.5341938,1,adaface
120,skin_smooth,0.42736724,1,adaface
121,skin_smooth,0.59040266,1,adaface
122,skin_smooth,0.39235935,1,adaface
123,skin_smooth,0.5231714,1,adaface
124,skin_smooth,0.31183815,1,adaface
125,skin_smooth,0.3185729,1,adaface
126,skin_smooth,0.49716777,1,adaface
127,skin_smooth,0.43034285,1,adaface
128,skin_smooth,0.6781262,1,adaface
129,skin_smooth,0.5410308,1,adaface
130,skin_smooth,0.3966442,1,adaface
131,skin_smooth,0.6336721,1,adaface
132,skin_smooth,0.22765696,1,adaface
133,skin_smooth,0.466847,1,adaface
134,skin_smooth,0.52144736,1,adaface
135,skin_smooth,0.5807538,1,adaface
136,skin_smooth,0.24693906,1,adaface
137,skin_smooth,0.44036394,1,adaface
138,skin_smooth,0.55406535,1,adaface
139,skin_smooth,0.47317287,1,adaface
140,skin_smooth,0.77743405,1,adaface
141,skin_smooth,0.637103,1,adaface
142,skin_smooth,0.38973603,1,adaface
143,skin_smooth,0.67675745,1,adaface
144,skin_smooth,0.34459108,1,adaface
145,skin_smooth,0.40661165,1,adaface
146,skin_smooth,0.42705113,1,adaface
147,skin_smooth,0.49397445,1,adaface
148,skin_smooth,0.18064326,1,adaface
149,skin_smooth,0.15091065,1,adaface
150,skin_smooth,0.2460577,1,adaface
151,skin_smooth,0.6811727,1,adaface
152,skin_smooth,0.31639832,1,adaface
153,skin_smooth,0.70418537,1,adaface
154,skin_smooth,0.40864602,1,adaface
155,skin_smooth,0.5442243,1,adaface
156,skin_smooth,0.1774218,1,adaface
157,skin_smooth,0.4817384,1,adaface
158,skin_smooth,0.287146,1,adaface
159,skin_smooth,0.45495966,1,adaface
160,skin_smooth,0.3223109,1,adaface
161,skin_smooth,0.8651626,1,adaface
162,skin_smooth,0.53843963,1,adaface
163,skin_smooth,0.55160767,1,adaface
164,skin_smooth,0.8050479,1,adaface
165,skin_smooth,0.8517087,1,adaface
166,skin_smooth,0.67654914,1,adaface
167,skin_smooth,0.48895693,1,adaface
168,skin_smooth,0.3219603,1,adaface
169,skin_smooth,0.2928968,1,adaface
170,skin_smooth,0.43349135,1,adaface
171,skin_smooth,0.16293791,1,adaface
172,skin_smooth,0.4466486,1,adaface
173,skin_smooth,0.389041,1,adaface
174,skin_smooth,0.66370434,1,adaface
175,skin_smooth,0.56503385,1,adaface
176,skin_smooth,0.6861278,1,adaface
177,skin_smooth,0.5827846,1,adaface
178,skin_smooth,0.5619984,1,adaface
179,skin_smooth,0.285889,1,adaface
180,skin_smooth,0.46606672,1,adaface
181,skin_smooth,0.2800199,1,adaface
182,skin_smooth,0.07749636,1,adaface
183,skin_smooth,0.041649085,1,adaface
184,skin_smooth,0.2861381,1,adaface
185,skin_smooth,0.465593,1,adaface
186,skin_smooth,0.6867602,1,adaface
187,skin_smooth,0.17066157,1,adaface
188,skin_smooth,0.3689712,1,adaface
189,skin_smooth,0.35643363,1,adaface
190,skin_smooth,0.53586483,1,adaface
191,skin_smooth,0.60278904,1,adaface
192,skin_smooth,0.49980354,1,adaface
193,skin_smooth,0.63580984,1,adaface
194,skin_smooth,0.75227183,1,adaface
195,skin_smooth,0.6996592,1,adaface
196,skin_smooth,0.5173106,1,adaface
197,skin_smooth,0.53764224,1,adaface
198,skin_smooth,0.36737144,1,adaface
199,skin_smooth,0.5812873,1,adaface
200,skin_smooth,0.5353712,1,adaface
201,skin_smooth,0.36999843,1,adaface
202,skin_smooth,0.37811428,1,adaface
203,skin_smooth,0.6048883,1,adaface
204,skin_smooth,0.46444508,1,adaface
205,skin_smooth,0.6063685,1,adaface
206,skin_smooth,0.45338568,1,adaface
207,skin_smooth,0.36884475,1,adaface
208,skin_smooth,0.49021107,1,adaface
209,skin_smooth,0.4626632,1,adaface
210,skin_smooth,0.35162523,1,adaface
211,skin_smooth,0.63273686,1,adaface
212,skin_smooth,0.7892923,1,adaface
213,skin_smooth,0.6164112,1,adaface
214,skin_smooth,0.18769427,1,adaface
215,skin_smooth,0.4484717,1,adaface
216,skin_smooth,0.6679972,1,adaface
217,skin_smooth,0.52307135,1,adaface
218,skin_smooth,0.33224684,1,adaface
219,skin_smooth,0.5855211,1,adaface
220,skin_smooth,0.45983642,1,adaface
221,skin_smooth,0.10413609,1,adaface
222,skin_smooth,0.39439276,1,adaface
223,skin_smooth,0.4058673,1,adaface
224,skin_smooth,0.30461928,1,adaface
225,skin_smooth,0.3573242,1,adaface
226,skin_smooth,0.24794447,1,adaface
227,skin_smooth,0.6428965,1,adaface
228,skin_smooth,0.5761159,1,adaface
229,skin_smooth,0.626968,1,adaface
230,skin_smooth,0.59675556,1,adaface
231,skin_smooth,0.523108,1,adaface
232,skin_smooth,0.64232546,1,adaface
233,skin_smooth,0.24543902,1,adaface
234,skin_smooth,0.442584,1,adaface
235,skin_smooth,0.52298874,1,adaface
236,skin_smooth,0.17474617,1,adaface
237,skin_smooth,0.44264907,1,adaface
238,skin_smooth,0.21404955,1,adaface
239,skin_smooth,0.67789555,1,adaface
240,skin_smooth,0.29147488,1,adaface
241,skin_smooth,0.61902034,1,adaface
242,skin_smooth,0.21266511,1,adaface
243,skin_smooth,0.44123247,1,adaface
244,skin_smooth,0.37718025,1,adaface
245,skin_smooth,0.347739,1,adaface
246,skin_smooth,0.3162135,1,adaface
247,skin_smooth,0.7292966,1,adaface
248,skin_smooth,0.5330546,1,adaface
249,skin_smooth,0.51244706,1,adaface
250,skin_smooth,0.4732553,1,adaface
251,skin_smooth,0.3680603,1,adaface
252,skin_smooth,0.64405,1,adaface
253,skin_smooth,0.5893652,1,adaface
254,skin_smooth,0.33315036,1,adaface
255,skin_smooth,0.48321515,1,adaface
256,skin_smooth,0.24199611,1,adaface
257,skin_smooth,0.5206301,1,adaface
258,skin_smooth,0.51336837,1,adaface
259,skin_smooth,0.4127676,1,adaface
260,skin_smooth,0.6153918,1,adaface
261,skin_smooth,0.51208425,1,adaface
262,skin_smooth,0.39549705,1,adaface
263,skin_smooth,0.2876903,1,adaface
264,skin_smooth,0.4050789,1,adaface
265,skin_smooth,0.6297688,1,adaface
266,skin_smooth,0.6863565,1,adaface
267,skin_smooth,0.46684563,1,adaface
268,skin_smooth,0.30927438,1,adaface
269,skin_smooth,0.42928657,1,adaface
270,skin_smooth,0.41086587,1,adaface
271,skin_smooth,0.2761406,1,adaface
272,skin_smooth,0.41845745,1,adaface
273,skin_smooth,0.4349596,1,adaface
274,skin_smooth,0.18161559,1,adaface
275,skin_smooth,0.7528477,1,adaface
276,skin_smooth,0.40097615,1,adaface
277,skin_smooth,0.4661312,1,adaface
278,skin_smooth,0.48929265,1,adaface
279,skin_smooth,0.6130071,1,adaface
280,skin_smooth,0.54841554,1,adaface
281,skin_smooth,0.4889451,1,adaface
282,skin_smooth,0.59114057,1,adaface
283,skin_smooth,0.3503541,1,adaface
284,skin_smooth,0.50028205,1,adaface
285,skin_smooth,0.5780964,1,adaface
286,skin_smooth,0.77275455,1,adaface
287,skin_smooth,0.52951306,1,adaface
288,skin_smooth,0.4679474,1,adaface
289,skin_smooth,0.38523138,1,adaface
290,skin_smooth,0.32344717,1,adaface
291,skin_smooth,0.47666776,1,adaface
292,skin_smooth,0.6872191,1,adaface
293,skin_smooth,0.28742826,1,adaface
294,skin_smooth,0.85258365,1,adaface
295,skin_smooth,0.43444815,1,adaface
296,skin_smooth,0.47921374,1,adaface
297,skin_smooth,0.5589339,1,adaface
298,skin_smooth,0.49783996,1,adaface
299,skin_smooth,0.59746534,1,adaface
300,skin_smooth,0.4945445,0,adaface
301,skin_smooth,0.25038084,0,adaface
302,skin_smooth,0.2098904,0,adaface
303,skin_smooth,0.2797869,0,adaface
304,skin_smooth,0.4461495,0,adaface
305,skin_smooth,0.24577588,0,adaface
306,skin_smooth,0.23935656,0,adaface
307,skin_smooth,0.2831423,0,adaface
308,skin_smooth,0.47986734,0,adaface
309,skin_smooth,0.37649816,0,adaface
310,skin_smooth,0.2538739,0,adaface
311,skin_smooth,0.24243271,0,adaface
312,skin_smooth,0.3254922,0,adaface
313,skin_smooth,0.16026966,0,adaface
314,skin_smooth,0.26155457,0,adaface
315,skin_smooth,0.13011955,0,adaface
316,skin_smooth,0.4025707,0,adaface
317,skin_smooth,0.37440142,0,adaface
318,skin_smooth,0.21435046,0,adaface
319,skin_smooth,0.19789983,0,adaface
320,skin_smooth,0.47918913,0,adaface
321,skin_smooth,0.20350428,0,adaface
322,skin_smooth,0.232643,0,adaface
323,skin_smooth,0.41219395,0,adaface
324,skin_smooth,0.18624152,0,adaface
325,skin_smooth,0.22170113,0,adaface
326,skin_smooth,0.26975518,0,adaface
327,skin_smooth,0.15120722,0,adaface
328,skin_smooth,0.31123388,0,adaface
329,skin_smooth,0.49679595,0,adaface
330,skin_smooth,0.32411787,0,adaface
331,skin_smooth,0.24980345,0,adaface
332,skin_smooth,0.041856803,0,adaface
333,skin_smooth,0.12227888,0,adaface
334,skin_smooth,0.2591914,0,adaface
335,skin_smooth,0.34451368,0,adaface
336,skin_smooth,0.28345737,0,adaface
337,skin_smooth,0.33234945,0,adaface
338,skin_smooth,0.25249606,0,adaface
339,skin_smooth,0.2557324,0,adaface
340,skin_smooth,0.4193233,0,adaface
341,skin_smooth,0.45053217,0,adaface
342,skin_smooth,0.31165195,0,adaface
343,skin_smooth,0.37316775,0,adaface
344,skin_smooth,0.5896669,0,adaface
345,skin_smooth,0.39302433,0,adaface
346,skin_smooth,0.15234296,0,adaface
347,skin_smooth,0.47985882,0,adaface
348,skin_smooth,0.1757923,0,adaface
349,skin_smooth,0.19511342,0,adaface
350,skin_smooth,0.19065832,0,adaface
351,skin_smooth,0.15944345,0,adaface
352,skin_smooth,0.31297243,0,adaface
353,skin_smooth,0.28842565,0,adaface
354,skin_smooth,0.36068225,0,adaface
355,skin_smooth,0.30857307,0,adaface
356,skin_smooth,0.21665747,0,adaface
357,skin_smooth,0.29908568,0,adaface
358,skin_smooth,0.4572884,0,adaface
359,skin_smooth,0.28256175,0,adaface
360,skin_smooth,0.47033453,0,adaface
361,skin_smooth,0.49762312,0,adaface
362,skin_smooth,0.4521706,0,adaface
363,skin_smooth,0.40991083,0,adaface
364,skin_smooth,0.29725462,0,adaface
365,skin_smooth,0.21100931,0,adaface
366,skin_smooth,0.34078357,0,adaface
367,skin_smooth,0.23358649,0,adaface
368,skin_smooth,0.45181507,0,adaface
369,skin_smooth,0.24228999,0,adaface
370,skin_smooth,0.41029915,0,adaface
371,skin_smooth,0.22932597,0,adaface
372,skin_smooth,0.2689501,0,adaface
373,skin_smooth,0.3799978,0,adaface
374,skin_smooth,0.29714358,0,adaface
375,skin_smooth,0.27067646,0,adaface
376,skin_smooth,0.16242248,0,adaface
377,skin_smooth,0.22665708,0,adaface
378,skin_smooth,0.0721312,0,adaface
379,skin_smooth,0.31165826,0,adaface
380,skin_smooth,0.28279248,0,adaface
381,skin_smooth,0.3595083,0,adaface
382,skin_smooth,0.39457965,0,adaface
383,skin_smooth,0.38763943,0,adaface
384,skin_smooth,0.38319296,0,adaface
385,skin_smooth,0.40152448,0,adaface
386,skin_smooth,0.33185807,0,adaface
387,skin_smooth,0.14827436,0,adaface
388,skin_smooth,0.19811597,0,adaface
389,skin_smooth,0.23844212,0,adaface
390,skin_smooth,0.068739526,0,adaface
391,skin_smooth,0.22156683,0,adaface
392,skin_smooth,0.2812499,0,adaface
393,skin_smooth,0.27622703,0,adaface
394,skin_smooth,0.25075772,0,adaface
395,skin_smooth,0.34746993,0,adaface
396,skin_smooth,0.33456844,0,adaface
397,skin_smooth,0.3117851,0,adaface
398,skin_smooth,0.32260752,0,adaface
399,skin_smooth,0.36600307,0,adaface
400,skin_smooth,0.15066776,0,adaface
401,skin_smooth,0.18296205,0,adaface
402,skin_smooth,0.28524497,0,adaface
403,skin_smooth,0.3632179,0,adaface
404,skin_smooth,0.2491034,0,adaface
405,skin_smooth,0.4287316,0,adaface
406,skin_smooth,0.2509987,0,adaface
407,skin_smooth,0.31802636,0,adaface
408,skin_smooth,0.287495,0,adaface
409,skin_smooth,0.28564608,0,adaface
410,skin_smooth,0.38458323,0,adaface
411,skin_smooth,0.18594791,0,adaface
412,skin_smooth,0.4765991,0,adaface
413,skin_smooth,0.2697374,0,adaface
414,skin_smooth,0.16712706,0,adaface
415,skin_smooth,0.2979581,0,adaface
416,skin_smooth,0.27493885,0,adaface
417,skin_smooth,0.051327888,0,adaface
418,skin_smooth,0.18856229,0,adaface
419,skin_smooth,0.008918092,0,adaface
420,skin_smooth,0.16408423,0,adaface
421,skin_smooth,0.05071649,0,adaface
422,skin_smooth,0.15712921,0,adaface
423,skin_smooth,0.25177923,0,adaface
424,skin_smooth,0.2566426,0,adaface
425,skin_smooth,0.19611956,0,adaface
426,skin_smooth,0.11016013,0,adaface
427,skin_smooth,0.3685624,0,adaface
428,skin_smooth,0.2510889,0,adaface
429,skin_smooth,0.39548725,0,adaface
430,skin_smooth,0.25528207,0,adaface
431,skin_smooth,0.1821013,0,adaface
432,skin_smooth,0.19626182,0,adaface
433,skin_smooth,0.38040742,0,adaface
434,skin_smooth,0.39244106,0,adaface
435,skin_smooth,0.3364422,0,adaface
436,skin_smooth,0.17303453,0,adaface
437,skin_smooth,0.37745005,0,adaface
438,skin_smooth,0.21727625,0,adaface
439,skin_smooth,0.35825816,0,adaface
440,skin_smooth,0.45365298,0,adaface
441,skin_smooth,0.24531746,0,adaface
442,skin_smooth,0.15689118,0,adaface
443,skin_smooth,0.2428909,0,adaface
444,skin_smooth,0.10549632,0,adaface
445,skin_smooth,0.17693399,0,adaface
446,skin_smooth,0.33778676,0,adaface
447,skin_smooth,0.2110719,0,adaface
448,skin_smooth,0.4893593,0,adaface
449,skin_smooth,0.39631283,0,adaface
450,skin_smooth,0.3067975,0,adaface
451,skin_smooth,0.11149078,0,adaface
452,skin_smooth,-0.0042684255,0,adaface
453,skin_smooth,0.3137554,0,adaface
454,skin_smooth,0.30188704,0,adaface
455,skin_smooth,0.20946305,0,adaface
456,skin_smooth,0.33126462,0,adaface
457,skin_smooth,0.21966945,0,adaface
458,skin_smooth,0.4138474,0,adaface
459,skin_smooth,0.2708975,0,adaface
460,skin_smooth,0.4856286,0,adaface
461,skin_smooth,0.16999337,0,adaface
462,skin_smooth,0.26136693,0,adaface
463,skin_smooth,0.12794709,0,adaface
464,skin_smooth,0.2130458,0,adaface
465,skin_smooth,0.12097275,0,adaface
466,skin_smooth,0.27315208,0,adaface
467,skin_smooth,0.13072647,0,adaface
468,skin_smooth,0.14241481,0,adaface
469,skin_smooth,0.32780176,0,adaface
470,skin_smooth,0.15384041,0,adaface
471,skin_smooth,0.15034513,0,adaface
472,skin_smooth,0.49899578,0,adaface
473,skin_smooth,0.27954957,0,adaface
474,skin_smooth,0.36069697,0,adaface
475,skin_smooth,0.23138483,0,adaface
476,skin_smooth,0.42092788,0,adaface
477,skin_smooth,0.12902191,0,adaface
478,skin_smooth,0.34929317,0,adaface
479,skin_smooth,0.30088684,0,adaface
480,skin_smooth,0.18951301,0,adaface
481,skin_smooth,0.39329523,0,adaface
482,skin_smooth,0.43701747,0,adaface
483,skin_smooth,0.3590553,0,adaface
484,skin_smooth,0.3071135,0,adaface
485,skin_smooth,0.09135292,0,adaface
486,skin_smooth,0.24006268,0,adaface
487,skin_smooth,0.27819327,0,adaface
488,skin_smooth,0.12889512,0,adaface
489,skin_smooth,0.34397107,0,adaface
490,skin_smooth,0.39174655,0,adaface
491,skin_smooth,0.28871083,0,adaface
492,skin_smooth,0.39525464,0,adaface
493,skin_smooth,0.5114989,0,adaface
494,skin_smooth,0.35871154,0,adaface
495,skin_smooth,0.46923348,0,adaface
496,skin_smooth,0.24441901,0,adaface
497,skin_smooth,0.17086673,0,adaface
498,skin_smooth,0.3140012,0,adaface
499,skin_smooth,0.29980934,0,adaface
500,skin_smooth,0.2545773,0,adaface
501,skin_smooth,0.33256206,0,adaface
502,skin_smooth,0.3739856,0,adaface
503,skin_smooth,0.26679116,0,adaface
504,skin_smooth,0.04702639,0,adaface
505,skin_smooth,0.52790636,0,adaface
506,skin_smooth,0.5041813,0,adaface
507,skin_smooth,0.29356036,0,adaface
508,skin_smooth,0.28400305,0,adaface
509,skin_smooth,0.4154083,0,adaface
510,skin_smooth,0.2987434,0,adaface
511,skin_smooth,0.48474267,0,adaface
512,skin_smooth,0.39108,0,adaface
513,skin_smooth,0.354991,0,adaface
514,skin_smooth,0.44664642,0,adaface
515,skin_smooth,0.3751284,0,adaface
516,skin_smooth,0.107775494,0,adaface
517,skin_smooth,0.46688458,0,adaface
518,skin_smooth,0.20410202,0,adaface
519,skin_smooth,0.47135487,0,adaface
520,skin_smooth,0.400605,0,adaface
521,skin_smooth,0.30541655,0,adaface
522,skin_smooth,0.21334414,0,adaface
523,skin_smooth,0.15409973,0,adaface
524,skin_smooth,0.414842,0,adaface
525,skin_smooth,0.39258757,0,adaface
526,skin_smooth,0.25976276,0,adaface
527,skin_smooth,0.49921224,0,adaface
528,skin_smooth,0.41472614,0,adaface
529,skin_smooth,0.5098538,0,adaface
530,skin_smooth,0.2752861,0,adaface
531,skin_smooth,0.17567499,0,adaface
532,skin_smooth,0.16947538,0,adaface
533,skin_smooth,0.48461455,0,adaface
534,skin_smooth,0.2095663,0,adaface
535,skin_smooth,0.21259187,0,adaface
536,skin_smooth,0.15900685,0,adaface
537,skin_smooth,0.30369344,0,adaface
538,skin_smooth,0.18260643,0,adaface
539,skin_smooth,0.32480794,0,adaface
540,skin_smooth,0.5265107,0,adaface
541,skin_smooth,0.2659451,0,adaface
542,skin_smooth,0.33297083,0,adaface
543,skin_smooth,0.34065324,0,adaface
544,skin_smooth,0.23377796,0,adaface
545,skin_smooth,0.32274655,0,adaface
546,skin_smooth,0.17221145,0,adaface
547,skin_smooth,0.25865525,0,adaface
548,skin_smooth,0.08520068,0,adaface
549,skin_smooth,0.28832993,0,adaface
550,skin_smooth,0.22550306,0,adaface
551,skin_smooth,0.3608161,0,adaface
552,skin_smooth,0.265889,0,adaface
553,skin_smooth,0.3130159,0,adaface
554,skin_smooth,0.28564852,0,adaface
555,skin_smooth,0.21764876,0,adaface
556,skin_smooth,0.23860918,0,adaface
557,skin_smooth,0.5353062,0,adaface
558,skin_smooth,-0.0147450715,0,adaface
559,skin_smooth,0.34725913,0,adaface
560,skin_smooth,0.47146347,0,adaface
561,skin_smooth,0.25440672,0,adaface
562,skin_smooth,0.15526915,0,adaface
563,skin_smooth,0.42153057,0,adaface
564,skin_smooth,0.19368179,0,adaface
565,skin_smooth,0.03724721,0,adaface
566,skin_smooth,0.28207126,0,adaface
567,skin_smooth,0.28681797,0,adaface
568,skin_smooth,0.44227153,0,adaface
569,skin_smooth,0.37400725,0,adaface
570,skin_smooth,0.2518574,0,adaface
571,skin_smooth,0.16812111,0,adaface
572,skin_smooth,0.3057907,0,adaface
573,skin_smooth,0.21865088,0,adaface
574,skin_smooth,0.29970127,0,adaface
575,skin_smooth,0.26519287,0,adaface
576,skin_smooth,0.32325286,0,adaface
577,skin_smooth,0.3429861,0,adaface
578,skin_smooth,0.24284048,0,adaface
579,skin_smooth,0.3309636,0,adaface
580,skin_smooth,0.30049032,0,adaface
581,skin_smooth,0.34905863,0,adaface
582,skin_smooth,0.3688997,0,adaface
583,skin_smooth,0.19613507,0,adaface
584,skin_smooth,0.059735645,0,adaface
585,skin_smooth,0.20942031,0,adaface
586,skin_smooth,0.17644578,0,adaface
587,skin_smooth,0.43684712,0,adaface
588,skin_smooth,0.4020169,0,adaface
589,skin_smooth,0.3644657,0,adaface
590,skin_smooth,0.21307972,0,adaface
591,skin_smooth,0.19849226,0,adaface
592,skin_smooth,0.26021114,0,adaface
593,skin_smooth,0.38795578,0,adaface
594,skin_smooth,0.23349953,0,adaface
595,skin_smooth,0.22151333,0,adaface
596,skin_smooth,0.35465842,0,adaface
597,skin_smooth,0.2503661,0,adaface
598,skin_smooth,0.112867765,0,adaface
599,skin_smooth,0.17085174,0,adaface
0,eye_enlarge,0.35673785,1,adaface
1,eye_enlarge,0.5685343,1,adaface
2,eye_enlarge,0.23614469,1,adaface
3,eye_enlarge,0.7863487,1,adaface
4,eye_enlarge,0.5312278,1,adaface
5,eye_enlarge,0.470391,1,adaface
6,eye_enlarge,0.80436385,1,adaface
7,eye_enlarge,0.53969413,1,adaface
8,eye_enlarge,0.26505923,1,adaface
9,eye_enlarge,0.69901913,1,adaface
10,eye_enlarge,0.48527715,1,adaface
11,eye_enlarge,0.37847647,1,adaface
12,eye_enlarge,0.6151299,1,adaface
13,eye_enlarge,0.6643604,1,adaface
14,eye_enlarge,0.36100382,1,adaface
15,eye_enlarge,0.48381832,1,adaface
16,eye_enlarge,0.7710642,1,adaface
17,eye_enlarge,0.5601577,1,adaface
18,eye_enlarge,0.5119739,1,adaface
19,eye_enlarge,0.31868094,1,adaface
20,eye_enlarge,0.29060727,1,adaface
21,eye_enlarge,0.4007773,1,adaface
22,eye_enlarge,0.62201303,1,adaface
23,eye_enlarge,0.485337,1,adaface
24,eye_enlarge,0.082124986,1,adaface
25,eye_enlarge,0.4550238,1,adaface
26,eye_enlarge,0.35080874,1,adaface
27,eye_enlarge,0.60158086,1,adaface
28,eye_enlarge,0.4879809,1,adaface
29,eye_enlarge,0.44724292,1,adaface
30,eye_enlarge,0.48499095,1,adaface
31,eye_enlarge,0.6083931,1,adaface
32,eye_enlarge,0.5269451,1,adaface
33,eye_enlarge,0.60946363,1,adaface
34,eye_enlarge,0.25568026,1,adaface
35,eye_enlarge,0.5386474,1,adaface
36,eye_enlarge,0.76902544,1,adaface
37,eye_enlarge,0.45423046,1,adaface
38,eye_enlarge,0.45825166,1,adaface
39,eye_enlarge,0.59243965,1,adaface
40,eye_enlarge,0.58495593,1,adaface
41,eye_enlarge,0.6364987,1,adaface
42,eye_enlarge,0.7407821,1,adaface
43,eye_enlarge,0.26008618,1,adaface
44,eye_enlarge,0.31033984,1,adaface
45,eye_enlarge,0.5911079,1,adaface
46,eye_enlarge,0.65317094,1,adaface
47,eye_enlarge,0.4302296,1,adaface
48,eye_enlarge,0.6455594,1,adaface
49,eye_enlarge,0.6740604,1,adaface
50,eye_enlarge,0.45479637,1,adaface
51,eye_enlarge,0.5060471,1,adaface
52,eye_enlarge,0.5514227,1,adaface
53,eye_enlarge,0.2486772,1,adaface
54,eye_enlarge,0.5042039,1,adaface
55,eye_enlarge,0.4925675,1,adaface
56,eye_enlarge,0.7107365,1,adaface
57,eye_enlarge,0.7925016,1,adaface
58,eye_enlarge,0.40467742,1,adaface
59,eye_enlarge,0.1379641,1,adaface
60,eye_enlarge,0.4591514,1,adaface
61,eye_enlarge,0.41475928,1,adaface
62,eye_enlarge,0.40179533,1,adaface
63,eye_enlarge,0.5230831,1,adaface
64,eye_enlarge,0.7053373,1,adaface
65,eye_enlarge,0.6354148,1,adaface
66,eye_enlarge,0.5092892,1,adaface
67,eye_enlarge,0.5968189,1,adaface
68,eye_enlarge,0.53403133,1,adaface
69,eye_enlarge,0.51708096,1,adaface
70,eye_enlarge,0.4384709,1,adaface
71,eye_enlarge,0.52812445,1,adaface
72,eye_enlarge,0.3686031,1,adaface
73,eye_enlarge,0.445423,1,adaface
74,eye_enlarge,0.49075785,1,adaface
75,eye_enlarge,0.7256824,1,adaface
76,eye_enlarge,0.40963745,1,adaface
77,eye_enlarge,0.6133533,1,adaface
78,eye_enlarge,0.3560018,1,adaface
79,eye_enlarge,0.4757271,1,adaface
80,eye_enlarge,0.50496495,1,adaface
81,eye_enlarge,0.3389897,1,adaface
82,eye_enlarge,0.66880536,1,adaface
83,eye_enlarge,0.49101526,1,adaface
84,eye_enlarge,0.48489326,1,adaface
85,eye_enlarge,0.41210577,1,adaface
86,eye_enlarge,0.46743914,1,adaface
87,eye_enlarge,0.5072626,1,adaface
88,eye_enlarge,0.45022702,1,adaface
89,eye_enlarge,0.29100746,1,adaface
90,eye_enlarge,0.613118,1,adaface
91,eye_enlarge,0.46010274,1,adaface
92,eye_enlarge,0.24437149,1,adaface
93,eye_enlarge,0.1651608,1,adaface
94,eye_enlarge,0.4983695,1,adaface
95,eye_enlarge,0.6123585,1,adaface
96,eye_enlarge,0.51082385,1,adaface
97,eye_enlarge,0.47792935,1,adaface
98,eye_enlarge,0.39181545,1,adaface
99,eye_enlarge,0.54761845,1,adaface
100,eye_enlarge,0.55149245,1,adaface
101,eye_enlarge,0.46717936,1,adaface
102,eye_enlarge,0.6070607,1,adaface
103,eye_enlarge,0.6056364,1,adaface
104,eye_enlarge,0.6534615,1,adaface
105,eye_enlarge,0.48831376,1,adaface
106,eye_enlarge,0.44348827,1,adaface
107,eye_enlarge,0.6409144,1,adaface
108,eye_enlarge,0.60073453,1,adaface
109,eye_enlarge,0.5385883,1,adaface
110,eye_enlarge,0.3889725,1,adaface
111,eye_enlarge,0.47922033,1,adaface
112,eye_enlarge,0.46884167,1,adaface
113,eye_enlarge,0.7069325,1,adaface
114,eye_enlarge,0.34051135,1,adaface
115,eye_enlarge,0.45157894,1,adaface
116,eye_enlarge,0.45820856,1,adaface
117,eye_enlarge,0.6689059,1,adaface
118,eye_enlarge,0.7457248,1,adaface
119,eye_enlarge,0.54262114,1,adaface
120,eye_enlarge,0.46895176,1,adaface
121,eye_enlarge,0.52655315,1,adaface
122,eye_enlarge,0.39188015,1,adaface
123,eye_enlarge,0.52807254,1,adaface
124,eye_enlarge,0.3430887,1,adaface
125,eye_enlarge,0.31433848,1,adaface
126,eye_enlarge,0.5057395,1,adaface
127,eye_enlarge,0.5077832,1,adaface
128,eye_enlarge,0.7066698,1,adaface
129,eye_enlarge,0.5358302,1,adaface
130,eye_enlarge,0.37942946,1,adaface
131,eye_enlarge,0.6195333,1,adaface
132,eye_enlarge,0.20333247,1,adaface
133,eye_enlarge,0.5038269,1,adaface
134,eye_enlarge,0.5529298,1,adaface
135,eye_enlarge,0.6756474,1,adaface
136,eye_enlarge,0.30953628,1,adaface
137,eye_enlarge,0.44047305,1,adaface
138,eye_enlarge,0.5629434,1,adaface
139,eye_enlarge,0.43775567,1,adaface
140,eye_enlarge,0.78569067,1,adaface
141,eye_enlarge,0.57960963,1,adaface
142,eye_enlarge,0.41949478,1,adaface
143,eye_enlarge,0.66126716,1,adaface
144,eye_enlarge,0.36285305,1,adaface
145,eye_enlarge,0.43505445,1,adaface
146,eye_enlarge,0.42322713,1,adaface
147,eye_enlarge,0.483856,1,adaface
148,eye_enlarge,0.226183,1,adaface
149,eye_enlarge,0.23337942,1,adaface
150,eye_enlarge,0.27746865,1,adaface
151,eye_enlarge,0.6722421,1,adaface
152,eye_enlarge,0.32694817,1,adaface
153,eye_enlarge,0.7108761,1,adaface
154,eye_enlarge,0.4579109,1,adaface
155,eye_enlarge,0.7218488,1,adaface
156,eye_enlarge,0.20827018,1,adaface
157,eye_enlarge,0.4784615,1,adaface
158,eye_enlarge,0.25120527,1,adaface
159,eye_enlarge,0.4836738,1,adaface
160,eye_enlarge,0.30693552,1,adaface
161,eye_enlarge,0.90547526,1,adaface
162,eye_enlarge,0.55878204,1,adaface
163,eye_enlarge,0.5368308,1,adaface
164,eye_enlarge,0.7671242,1,adaface
165,eye_enlarge,0.8505532,1,adaface
166,eye_enlarge,0.69937617,1,adaface
167,eye_enlarge,0.5274421,1,adaface
168,eye_enlarge,0.33005708,1,adaface
169,eye_enlarge,0.24518009,1,adaface
170,eye_enlarge,0.4473188,1,adaface
171,eye_enlarge,0.25672594,1,adaface
172,eye_enlarge,0.434319,1,adaface
173,eye_enlarge,0.44468388,1,adaface
174,eye_enlarge,0.6775231,1,adaface
175,eye_enlarge,0.53960186,1,adaface
176,eye_enlarge,0.6529909,1,adaface
177,eye_enlarge,0.55690426,1,adaface
178,eye_enlarge,0.586178,1,adaface
179,eye_enlarge,0.3823959,1,adaface
180,eye_enlarge,0.41703427,1,adaface
181,eye_enlarge,0.24102947,1,adaface
182,eye_enlarge,0.09206451,1,adaface
183,eye_enlarge,0.06064715,1,adaface
184,eye_enlarge,0.26957396,1,adaface
185,eye_enlarge,0.46446365,1,adaface
186,eye_enlarge,0.701013,1,adaface
187,eye_enlarge,0.18563884,1,adaface
188,eye_enlarge,0.4110456,1,adaface
189,eye_enlarge,0.41083315,1,adaface
190,eye_enlarge,0.52227,1,adaface
191,eye_enlarge,0.6624401,1,adaface
192,eye_enlarge,0.4943739,1,adaface
193,eye_enlarge,0.650933,1,adaface
194,eye_enlarge,0.7016595,1,adaface
195,eye_enlarge,0.6913018,1,adaface
196,eye_enlarge,0.49938792,1,adaface
197,eye_enlarge,0.54896456,1,adaface
198,eye_enlarge,0.34890705,1,adaface
199,eye_enlarge,0.6370788,1,adaface
200,eye_enlarge,0.56678265,1,adaface
201,eye_enlarge,0.38779065,1,adaface
202,eye_enlarge,0.25972757,1,adaface
203,eye_enlarge,0.61971885,1,adaface
204,eye_enlarge,0.50704527,1,adaface
205,eye_enlarge,0.60572433,1,adaface
206,eye_enlarge,0.47917256,1,adaface
207,eye_enlarge,0.42112315,1,adaface
208,eye_enlarge,0.5469544,1,adaface
209,eye_enlarge,0.47045934,1,adaface
210,eye_enlarge,0.38652453,1,adaface
211,eye_enlarge,0.6351659,1,adaface
212,eye_enlarge,0.7726181,1,adaface
213,eye_enlarge,0.619889,1,adaface
214,eye_enlarge,0.17605647,1,adaface
215,eye_enlarge,0.4663765,1,adaface
216,eye_enlarge,0.66728884,1,adaface
217,eye_enlarge,0.5829902,1,adaface
218,eye_enlarge,0.34426045,1,adaface
219,eye_enlarge,0.57195777,1,adaface
220,eye_enlarge,0.48841393,1,adaface
221,eye_enlarge,0.09813809,1,adaface
222,eye_enlarge,0.38707995,1,adaface
223,eye_enlarge,0.413403,1,adaface
224,eye_enlarge,0.29785317,1,adaface
225,eye_enlarge,0.41478753,1,adaface
226,eye_enlarge,0.46404034,1,adaface
227,eye_enlarge,0.6494376,1,adaface
228,eye_enlarge,0.5728434,1,adaface
229,eye_enlarge,0.6360413,1,adaface
230,eye_enlarge,0.65118384,1,adaface
231,eye_enlarge,0.58715796,1,adaface
232,eye_enlarge,0.65677947,1,adaface
233,eye_enlarge,0.40250367,1,adaface
234,eye_enlarge,0.45125833,1,adaface
235,eye_enlarge,0.5522571,1,adaface
236,eye_enlarge,0.20830359,1,adaface
237,eye_enlarge,0.43689954,1,adaface
238,eye_enlarge,0.20521545,1,adaface
239,eye_enlarge,0.6916618,1,adaface
240,eye_enlarge,0.2805584,1,adaface
241,eye_enlarge,0.6340566,1,adaface
242,eye_enlarge,0.21709886,1,adaface
243,eye_enlarge,0.46073985,1,adaface
244,eye_enlarge,0.487781,1,adaface
245,eye_enlarge,0.4382745,1,adaface
246,eye_enlarge,0.33149672,1,adaface
247,eye_enlarge,0.7330275,1,adaface
248,eye_enlarge,0.50136185,1,adaface
249,eye_enlarge,0.5436958,1,adaface
250,eye_enlarge,0.45811164,1,adaface
251,eye_enlarge,0.41087323,1,adaface
252,eye_enlarge,0.6555548,1,adaface
253,eye_enlarge,0.6302688,1,adaface
254,eye_enlarge,0.28407264,1,adaface
255,eye_enlarge,0.47667715,1,adaface
256,eye_enlarge,0.30426994,1,adaface
257,eye_enlarge,0.53470916,1,adaface
258,eye_enlarge,0.55741566,1,adaface
259,eye_enlarge,0.41598752,1,adaface
260,eye_enlarge,0.6157626,1,adaface
261,eye_enlarge,0.49694213,1,adaface
262,eye_enlarge,0.3711126,1,adaface
263,eye_enlarge,0.3736102,1,adaface
264,eye_enlarge,0.4589428,1,adaface
265,eye_enlarge,0.6728682,1,adaface
266,eye_enlarge,0.71120626,1,adaface
267,eye_enlarge,0.5681781,1,adaface
268,eye_enlarge,0.3175383,1,adaface
269,eye_enlarge,0.41714236,1,adaface
270,eye_enlarge,0.37199926,1,adaface
271,eye_enlarge,0.29657644,1,adaface
272,eye_enlarge,0.46753678,1,adaface
273,eye_enlarge,0.41460204,1,adaface
274,eye_enlarge,0.24618933,1,adaface
275,eye_enlarge,0.734387,1,adaface
276,eye_enlarge,0.3877894,1,adaface
277,eye_enlarge,0.45528987,1,adaface
278,eye_enlarge,0.47525594,1,adaface
279,eye_enlarge,0.5633816,1,adaface
280,eye_enlarge,0.5496467,1,adaface
281,eye_enlarge,0.48125762,1,adaface
282,eye_enlarge,0.6125372,1,adaface
283,eye_enlarge,0.33931783,1,adaface
284,eye_enlarge,0.49578837,1,adaface
285,eye_enlarge,0.5757399,1,adaface
286,eye_enlarge,0.793049,1,adaface
287,eye_enlarge,0.4923781,1,adaface
288,eye_enlarge,0.50335443,1,adaface
289,eye_enlarge,0.3953416,1,adaface
290,eye_enlarge,0.3889138,1,adaface
291,eye_enlarge,0.49409506,1,adaface
292,eye_enlarge,0.6674538,1,adaface
293,eye_enlarge,0.28919104,1,adaface
294,eye_enlarge,0.8513449,1,adaface
295,eye_enlarge,0.40829766,1,adaface
296,eye_enlarge,0.47007737,1,adaface
297,eye_enlarge,0.59233093,1,adaface
298,eye_enlarge,0.5145391,1,adaface
299,eye_enlarge,0.6432836,1,adaface
300,eye_enlarge,0.48583183,0,adaface
301,eye_enlarge,0.26314625,0,adaface
302,eye_enlarge,0.16943027,0,adaface
303,eye_enlarge,0.2502944,0,adaface
304,eye_enlarge,0.47273025,0,adaface
305,eye_enlarge,0.2710187,0,adaface
306,eye_enlarge,0.22361466,0,adaface
307,eye_enlarge,0.2525568,0,adaface
308,eye_enlarge,0.45088583,0,adaface
309,eye_enlarge,0.3825727,0,adaface
310,eye_enlarge,0.24640144,0,adaface
311,eye_enlarge,0.24467666,0,adaface
312,eye_enlarge,0.356396,0,adaface
313,eye_enlarge,0.2442525,0,adaface
314,eye_enlarge,0.27994075,0,adaface
315,eye_enlarge,0.12379688,0,adaface
316,eye_enlarge,0.42614922,0,adaface
317,eye_enlarge,0.3623673,0,adaface
318,eye_enlarge,0.19402713,0,adaface
319,eye_enlarge,0.17114566,0,adaface
320,eye_enlarge,0.5085431,0,adaface
321,eye_enlarge,0.17600055,0,adaface
322,eye_enlarge,0.2503093,0,adaface
323,eye_enlarge,0.41594952,0,adaface
324,eye_enlarge,0.16354369,0,adaface
325,eye_enlarge,0.11512141,0,adaface
326,eye_enlarge,0.23017587,0,adaface
327,eye_enlarge,0.14728937,0,adaface
328,eye_enlarge,0.28414613,0,adaface
329,eye_enlarge,0.48541224,0,adaface
330,eye_enlarge,0.30603835,0,adaface
331,eye_enlarge,0.29323664,0,adaface
332,eye_enlarge,0.08859183,0,adaface
333,eye_enlarge,0.15998505,0,adaface
334,eye_enlarge,0.2664389,0,adaface
335,eye_enlarge,0.2617133,0,adaface
336,eye_enlarge,0.27698275,0,adaface
337,eye_enlarge,0.35444564,0,adaface
338,eye_enlarge,0.26410535,0,adaface
339,eye_enlarge,0.23537517,0,adaface
340,eye_enlarge,0.4468898,0,adaface
341,eye_enlarge,0.4250244,0,adaface
342,eye_enlarge,0.30185938,0,adaface
343,eye_enlarge,0.45600215,0,adaface
344,eye_enlarge,0.6410875,0,adaface
345,eye_enlarge,0.3924637,0,adaface
346,eye_enlarge,0.16094512,0,adaface
347,eye_enlarge,0.50547737,0,adaface
348,eye_enlarge,0.17380586,0,adaface
349,eye_enlarge,0.19924966,0,adaface
350,eye_enlarge,0.20141669,0,adaface
351,eye_enlarge,0.1403139,0,adaface
352,eye_enlarge,0.33077437,0,adaface
353,eye_enlarge,0.2362854,0,adaface
354,eye_enlarge,0.319121,0,adaface
355,eye_enlarge,0.33416972,0,adaface
356,eye_enlarge,0.18530709,0,adaface
357,eye_enlarge,0.28584516,0,adaface
358,eye_enlarge,0.45802405,0,adaface
359,eye_enlarge,0.27678227,0,adaface
360,eye_enlarge,0.49800956,0,adaface
361,eye_enlarge,0.49971586,0,adaface
362,eye_enlarge,0.4684151,0,adaface
363,eye_enlarge,0.315285,0,adaface
364,eye_enlarge,0.27795404,0,adaface
365,eye_enlarge,0.24239033,0,adaface
366,eye_enlarge,0.34109613,0,adaface
367,eye_enlarge,0.2911752,0,adaface
368,eye_enlarge,0.47590342,0,adaface
369,eye_enlarge,0.2462327,0,adaface
370,eye_enlarge,0.40169016,0,adaface
371,eye_enlarge,0.20097315,0,adaface
372,eye_enlarge,0.27343646,0,adaface
373,eye_enlarge,0.40935996,0,adaface
374,eye_enlarge,0.3216645,0,adaface
375,eye_enlarge,0.26629627,0,adaface
376,eye_enlarge,0.25555348,0,adaface
377,eye_enlarge,0.23762266,0,adaface
378,eye_enlarge,0.03332579,0,adaface
379,eye_enlarge,0.32057214,0,adaface
380,eye_enlarge,0.24773283,0,adaface
381,eye_enlarge,0.36440322,0,adaface
382,eye_enlarge,0.39308032,0,adaface
383,eye_enlarge,0.41563097,0,adaface
384,eye_enlarge,0.34265465,0,adaface
385,eye_enlarge,0.43680137,0,adaface
386,eye_enlarge,0.3394854,0,adaface
387,eye_enlarge,0.10646636,0,adaface
388,eye_enlarge,0.18606204,0,adaface
389,eye_enlarge,0.28733,0,adaface
390,eye_enlarge,0.058837622,0,adaface
391,eye_enlarge,0.2434233,0,adaface
392,eye_enlarge,0.23376615,0,adaface
393,eye_enlarge,0.26777872,0,adaface
394,eye_enlarge,0.2685669,0,adaface
395,eye_enlarge,0.3290843,0,adaface
396,eye_enlarge,0.33987874,0,adaface
397,eye_enlarge,0.291743,0,adaface
398,eye_enlarge,0.3206447,0,adaface
399,eye_enlarge,0.3819311,0,adaface
400,eye_enlarge,0.14557664,0,adaface
401,eye_enlarge,0.16903436,0,adaface
402,eye_enlarge,0.28785446,0,adaface
403,eye_enlarge,0.3700998,0,adaface
404,eye_enlarge,0.26626208,0,adaface
405,eye_enlarge,0.4256588,0,adaface
406,eye_enlarge,0.25104114,0,adaface
407,eye_enlarge,0.34606138,0,adaface
408,eye_enlarge,0.28066108,0,adaface
409,eye_enlarge,0.2528969,0,adaface
410,eye_enlarge,0.39689878,0,adaface
411,eye_enlarge,0.18906693,0,adaface
412,eye_enlarge,0.49570927,0,adaface
413,eye_enlarge,0.28551096,0,adaface
414,eye_enlarge,0.16278286,0,adaface
415,eye_enlarge,0.28814432,0,adaface
416,eye_enlarge,0.25032175,0,adaface
417,eye_enlarge,0.09240431,0,adaface
418,eye_enlarge,0.27117583,0,adaface
419,eye_enlarge,0.09307323,0,adaface
420,eye_enlarge,0.11669046,0,adaface
421,eye_enlarge,0.066930644,0,adaface
422,eye_enlarge,0.15073603,0,adaface
423,eye_enlarge,0.259452,0,adaface
424,eye_enlarge,0.27729717,0,adaface
425,eye_enlarge,0.2066881,0,adaface
426,eye_enlarge,0.094454326,0,adaface
427,eye_enlarge,0.37136996,0,adaface
428,eye_enlarge,0.2249266,0,adaface
429,eye_enlarge,0.38660395,0,adaface
430,eye_enlarge,0.29601118,0,adaface
431,eye_enlarge,0.2266321,0,adaface
432,eye_enlarge,0.17094783,0,adaface
433,eye_enlarge,0.42252615,0,adaface
434,eye_enlarge,0.4295674,0,adaface
435,eye_enlarge,0.31962153,0,adaface
436,eye_enlarge,0.20893434,0,adaface
437,eye_enlarge,0.42778838,0,adaface
438,eye_enlarge,0.2598568,0,adaface
439,eye_enlarge,0.34851098,0,adaface
440,eye_enlarge,0.4776137,0,adaface
441,eye_enlarge,0.23711571,0,adaface
442,eye_enlarge,0.13073184,0,adaface
443,eye_enlarge,0.25666708,0,adaface
444,eye_enlarge,0.08156492,0,adaface
445,eye_enlarge,0.24064636,0,adaface
446,eye_enlarge,0.33276784,0,adaface
447,eye_enlarge,0.20402104,0,adaface
448,eye_enlarge,0.5301741,0,adaface
449,eye_enlarge,0.38240635,0,adaface
450,eye_enlarge,0.29780528,0,adaface
451,eye_enlarge,0.13118562,0,adaface
452,eye_enlarge,0.0056340946,0,adaface
453,eye_enlarge,0.25573334,0,adaface
454,eye_enlarge,0.28789935,0,adaface
455,eye_enlarge,0.23383546,0,adaface
456,eye_enlarge,0.31553584,0,adaface
457,eye_enlarge,0.21535613,0,adaface
458,eye_enlarge,0.38014776,0,adaface
459,eye_enlarge,0.28679097,0,adaface
460,eye_enlarge,0.4794904,0,adaface
461,eye_enlarge,0.15374616,0,adaface
462,eye_enlarge,0.29008824,0,adaface
463,eye_enlarge,0.14332469,0,adaface
464,eye_enlarge,0.2549989,0,adaface
465,eye_enlarge,0.16429098,0,adaface
466,eye_enlarge,0.3231496,0,adaface
467,eye_enlarge,0.24226703,0,adaface
468,eye_enlarge,0.118655324,0,adaface
469,eye_enlarge,0.36965457,0,adaface
470,eye_enlarge,0.15871784,0,adaface
471,eye_enlarge,0.1558073,0,adaface
472,eye_enlarge,0.54733264,0,adaface
473,eye_enlarge,0.2793188,0,adaface
474,eye_enlarge,0.33563468,0,adaface
475,eye_enlarge,0.22397386,0,adaface
476,eye_enlarge,0.4611526,0,adaface
477,eye_enlarge,0.13025549,0,adaface
478,eye_enlarge,0.40597346,0,adaface
479,eye_enlarge,0.23895608,0,adaface
480,eye_enlarge,0.18857262,0,adaface
481,eye_enlarge,0.42722395,0,adaface
482,eye_enlarge,0.4055692,0,adaface
483,eye_enlarge,0.35646275,0,adaface
484,eye_enlarge,0.42672098,0,adaface
485,eye_enlarge,0.12073125,0,adaface
486,eye_enlarge,0.21282454,0,adaface
487,eye_enlarge,0.23653297,0,adaface
488,eye_enlarge,0.12761714,0,adaface
489,eye_enlarge,0.30832058,0,adaface
490,eye_enlarge,0.3865332,0,adaface
491,eye_enlarge,0.27006367,0,adaface
492,eye_enlarge,0.38702425,0,adaface
493,eye_enlarge,0.44764057,0,adaface
494,eye_enlarge,0.32612154,0,adaface
495,eye_enlarge,0.4781367,0,adaface
496,eye_enlarge,0.2442546,0,adaface
497,eye_enlarge,0.15247013,0,adaface
498,eye_enlarge,0.34635127,0,adaface
499,eye_enlarge,0.2815196,0,adaface
500,eye_enlarge,0.2742729,0,adaface
501,eye_enlarge,0.33664286,0,adaface
502,eye_enlarge,0.42084414,0,adaface
503,eye_enlarge,0.26878238,0,adaface
504,eye_enlarge,0.026583795,0,adaface
505,eye_enlarge,0.51126003,0,adaface
506,eye_enlarge,0.47931716,0,adaface
507,eye_enlarge,0.3157359,0,adaface
508,eye_enlarge,0.2404613,0,adaface
509,eye_enlarge,0.42906728,0,adaface
510,eye_enlarge,0.30596924,0,adaface
511,eye_enlarge,0.47874224,0,adaface
512,eye_enlarge,0.38139385,0,adaface
513,eye_enlarge,0.35878712,0,adaface
514,eye_enlarge,0.49287534,0,adaface
515,eye_enlarge,0.36722553,0,adaface
516,eye_enlarge,0.15155305,0,adaface
517,eye_enlarge,0.46569502,0,adaface
518,eye_enlarge,0.14615907,0,adaface
519,eye_enlarge,0.510579,0,adaface
520,eye_enlarge,0.3575426,0,adaface
521,eye_enlarge,0.30612978,0,adaface
522,eye_enlarge,0.19635974,0,adaface
523,eye_enlarge,0.14263982,0,adaface
524,eye_enlarge,0.42748174,0,adaface
525,eye_enlarge,0.41238615,0,adaface
526,eye_enlarge,0.283651,0,adaface
527,eye_enlarge,0.5003751,0,adaface
528,eye_enlarge,0.41974038,0,adaface
529,eye_enlarge,0.5188476,0,adaface
530,eye_enlarge,0.29828358,0,adaface
531,eye_enlarge,0.1760914,0,adaface
532,eye_enlarge,0.21949011,0,adaface
533,eye_enlarge,0.49161303,0,adaface
534,eye_enlarge,0.24682249,0,adaface
535,eye_enlarge,0.23337846,0,adaface
536,eye_enlarge,0.2201246,0,adaface
537,eye_enlarge,0.33755326,0,adaface
538,eye_enlarge,0.19404854,0,adaface
539,eye_enlarge,0.32248712,0,adaface
540,eye_enlarge,0.48458642,0,adaface
541,eye_enlarge,0.2207613,0,adaface
542,eye_enlarge,0.31981868,0,adaface
543,eye_enlarge,0.2729987,0,adaface
544,eye_enlarge,0.25957915,0,adaface
545,eye_enlarge,0.3178486,0,adaface
546,eye_enlarge,0.14752036,0,adaface
547,eye_enlarge,0.26254982,0,adaface
548,eye_enlarge,0.10365159,0,adaface
549,eye_enlarge,0.3733895,0,adaface
550,eye_enlarge,0.3686949,0,adaface
551,eye_enlarge,0.35270017,0,adaface
552,eye_enlarge,0.26967895,0,adaface
553,eye_enlarge,0.315814,0,adaface
554,eye_enlarge,0.30054092,0,adaface
555,eye_enlarge,0.17941704,0,adaface
556,eye_enlarge,0.2589044,0,adaface
557,eye_enlarge,0.56474316,0,adaface
558,eye_enlarge,-0.0063580046,0,adaface
559,eye_enlarge,0.37349352,0,adaface
560,eye_enlarge,0.47730136,0,adaface
561,eye_enlarge,0.23011772,0,adaface
562,eye_enlarge,0.1782411,0,adaface
563,eye_enlarge,0.44809845,0,adaface
564,eye_enlarge,0.20330639,0,adaface
565,eye_enlarge,0.021899495,0,adaface
566,eye_enlarge,0.3287138,0,adaface
567,eye_enlarge,0.32893112,0,adaface
568,eye_enlarge,0.41731596,0,adaface
569,eye_enlarge,0.397375,0,adaface
570,eye_enlarge,0.25463572,0,adaface
571,eye_enlarge,0.21722652,0,adaface
572,eye_enlarge,0.29582486,0,adaface
573,eye_enlarge,0.21090487,0,adaface
574,eye_enlarge,0.35510242,0,adaface
575,eye_enlarge,0.28139934,0,adaface
576,eye_enlarge,0.32371676,0,adaface
577,eye_enlarge,0.31875655,0,adaface
578,eye_enlarge,0.2224467,0,adaface
579,eye_enlarge,0.3698684,0,adaface
580,eye_enlarge,0.31179485,0,adaface
581,eye_enlarge,0.3660673,0,adaface
582,eye_enlarge,0.32456148,0,adaface
583,eye_enlarge,0.12494179,0,adaface
584,eye_enlarge,0.016378678,0,adaface
585,eye_enlarge,0.14415912,0,adaface
586,eye_enlarge,0.24412102,0,adaface
587,eye_enlarge,0.43174663,0,adaface
588,eye_enlarge,0.35672837,0,adaface
589,eye_enlarge,0.3452742,0,adaface
590,eye_enlarge,0.23212358,0,adaface
591,eye_enlarge,0.19085808,0,adaface
592,eye_enlarge,0.25083885,0,adaface
593,eye_enlarge,0.40212116,0,adaface
594,eye_enlarge,0.23440722,0,adaface
595,eye_enlarge,0.25528857,0,adaface
596,eye_enlarge,0.3908299,0,adaface
597,eye_enlarge,0.28929406,0,adaface
598,eye_enlarge,0.10314232,0,adaface
599,eye_enlarge,0.18663253,0,adaface
0,face_slim,0.34903342,1,adaface
1,face_slim,0.5701817,1,adaface
2,face_slim,0.29481012,1,adaface
3,face_slim,0.79219246,1,adaface
4,face_slim,0.5544244,1,adaface
5,face_slim,0.45221758,1,adaface
6,face_slim,0.78814375,1,adaface
7,face_slim,0.50055987,1,adaface
8,face_slim,0.25096494,1,adaface
9,face_slim,0.71475005,1,adaface
10,face_slim,0.44132102,1,adaface
11,face_slim,0.29464594,1,adaface
12,face_slim,0.59374285,1,adaface
13,face_slim,0.6557493,1,adaface
14,face_slim,0.38042355,1,adaface
15,face_slim,0.50964195,1,adaface
16,face_slim,0.73740935,1,adaface
17,face_slim,0.54871935,1,adaface
18,face_slim,0.5347413,1,adaface
19,face_slim,0.31616232,1,adaface
20,face_slim,0.27876064,1,adaface
21,face_slim,0.39567745,1,adaface
22,face_slim,0.5616219,1,adaface
23,face_slim,0.5009134,1,adaface
24,face_slim,0.09475538,1,adaface
25,face_slim,0.41848132,1,adaface
26,face_slim,0.41116214,1,adaface
27,face_slim,0.6409383,1,adaface
28,face_slim,0.5388158,1,adaface
29,face_slim,0.4469426,1,adaface
30,face_slim,0.40241924,1,adaface
31,face_slim,0.61167365,1,adaface
32,face_slim,0.4646817,1,adaface
33,face_slim,0.5978038,1,adaface
34,face_slim,0.24256063,1,adaface
35,face_slim,0.605252,1,adaface
36,face_slim,0.74721295,1,adaface
37,face_slim,0.40858406,1,adaface
38,face_slim,0.44281286,1,adaface
39,face_slim,0.5949615,1,adaface
40,face_slim,0.61149,1,adaface
41,face_slim,0.65147173,1,adaface
42,face_slim,0.71274877,1,adaface
43,face_slim,0.25964928,1,adaface
44,face_slim,0.37084585,1,adaface
45,face_slim,0.59635586,1,adaface
46,face_slim,0.6531761,1,adaface
47,face_slim,0.39878842,1,adaface
48,face_slim,0.65627825,1,adaface
49,face_slim,0.6559022,1,adaface
50,face_slim,0.47820503,1,adaface
51,face_slim,0.47850856,1,adaface
52,face_slim,0.55096537,1,adaface
53,face_slim,0.26760945,1,adaface
54,face_slim,0.43546706,1,adaface
55,face_slim,0.5173715,1,adaface
56,face_slim,0.571978,1,adaface
57,face_slim,0.8274946,1,adaface
58,face_slim,0.34627798,1,adaface
59,face_slim,0.16737962,1,adaface
60,face_slim,0.45889607,1,adaface
61,face_slim,0.38990328,1,adaface
62,face_slim,0.448764,1,adaface
63,face_slim,0.51507163,1,adaface
64,face_slim,0.7572495,1,adaface
65,face_slim,0.673205,1,adaface
66,face_slim,0.51449126,1,adaface
67,face_slim,0.58079815,1,adaface
68,face_slim,0.47364116,1,adaface
69,face_slim,0.51688737,1,adaface
70,face_slim,0.40651333,1,adaface
71,face_slim,0.5086744,1,adaface
72,face_slim,0.342742,1,adaface
73,face_slim,0.4016961,1,adaface
74,face_slim,0.44334838,1,adaface
75,face_slim,0.6816893,1,adaface
76,face_slim,0.4066439,1,adaface
77,face_slim,0.69684494,1,adaface
78,face_slim,0.39392495,1,adaface
79,face_slim,0.38960898,1,adaface
80,face_slim,0.51165164,1,adaface
81,face_slim,0.29711273,1,adaface
82,face_slim,0.6605548,1,adaface
83,face_slim,0.50288254,1,adaface
84,face_slim,0.4763008,1,adaface
85,face_slim,0.4622804,1,adaface
86,face_slim,0.4201376,1,adaface
87,face_slim,0.4633885,1,adaface
88,face_slim,0.4264408,1,adaface
89,face_slim,0.28820467,1,adaface
90,face_slim,0.6425344,1,adaface
91,face_slim,0.43265674,1,adaface
92,face_slim,0.28818417,1,adaface
93,face_slim,0.19963047,1,adaface
94,face_slim,0.5139475,1,adaface
95,face_slim,0.6926502,1,adaface
96,face_slim,0.53242415,1,adaface
97,face_slim,0.49576586,1,adaface
98,face_slim,0.29940346,1,adaface
99,face_slim,0.51350474,1,adaface
100,face_slim,0.5013245,1,adaface
101,face_slim,0.4716577,1,adaface
102,face_slim,0.57883805,1,adaface
103,face_slim,0.6036679,1,adaface
104,face_slim,0.61196285,1,adaface
105,face_slim,0.47054058,1,adaface
106,face_slim,0.460521,1,adaface
107,face_slim,0.62109417,1,adaface
108,face_slim,0.55888855,1,adaface
109,face_slim,0.45778298,1,adaface
110,face_slim,0.38234723,1,adaface
111,face_slim,0.49838236,1,adaface
112,face_slim,0.45352152,1,adaface
113,face_slim,0.731641,1,adaface
114,face_slim,0.3452543,1,adaface
115,face_slim,0.45949107,1,adaface
116,face_slim,0.38319787,1,adaface
117,face_slim,0.6321561,1,adaface
118,face_slim,0.7325398,1,adaface
119,face_slim,0.5546066,1,adaface
120,face_slim,0.5216992,1,adaface
121,face_slim,0.5208817,1,adaface
122,face_slim,0.40632537,1,adaface
123,face_slim,0.45378366,1,adaface
124,face_slim,0.31221828,1,adaface
125,face_slim,0.30762655,1,adaface
126,face_slim,0.52035487,1,adaface
127,face_slim,0.4454768,1,adaface
128,face_slim,0.6668076,1,adaface
129,face_slim,0.5355201,1,adaface
130,face_slim,0.3262963,1,adaface
131,face_slim,0.5807741,1,adaface
132,face_slim,0.17048624,1,adaface
133,face_slim,0.4911428,1,adaface
134,face_slim,0.5189431,1,adaface
135,face_slim,0.6217603,1,adaface
136,face_slim,0.24648346,1,adaface
137,face_slim,0.37234747,1,adaface
138,face_slim,0.5594463,1,adaface
139,face_slim,0.43071985,1,adaface
140,face_slim,0.7910061,1,adaface
141,face_slim,0.58998644,1,adaface
142,face_slim,0.45200706,1,adaface
143,face_slim,0.6455892,1,adaface
144,face_slim,0.32680982,1,adaface
145,face_slim,0.380843,1,adaface
146,face_slim,0.43607903,1,adaface
147,face_slim,0.42987233,1,adaface
148,face_slim,0.27834386,1,adaface
149,face_slim,0.20447634,1,adaface
150,face_slim,0.32865113,1,adaface
151,face_slim,0.6802524,1,adaface
152,face_slim,0.32299972,1,adaface
153,face_slim,0.6588783,1,adaface
154,face_slim,0.49226472,1,adaface
155,face_slim,0.65288657,1,adaface
156,face_slim,0.23201501,1,adaface
157,face_slim,0.46733338,1,adaface
158,face_slim,0.20675254,1,adaface
159,face_slim,0.48860526,1,adaface
160,face_slim,0.2784816,1,adaface
161,face_slim,0.9075073,1,adaface
162,face_slim,0.6413874,1,adaface
163,face_slim,0.5539496,1,adaface
164,face_slim,0.72493684,1,adaface
165,face_slim,0.8149035,1,adaface
166,face_slim,0.6458386,1,adaface
167,face_slim,0.47134694,1,adaface
168,face_slim,0.30553567,1,adaface
169,face_slim,0.28959653,1,adaface
170,face_slim,0.46210265,1,adaface
171,face_slim,0.2522614,1,adaface
172,face_slim,0.44170883,1,adaface
173,face_slim,0.46319035,1,adaface
174,face_slim,0.65007263,1,adaface
175,face_slim,0.57765126,1,adaface
176,face_slim,0.62336093,1,adaface
177,face_slim,0.5245031,1,adaface
178,face_slim,0.5760188,1,adaface
179,face_slim,0.37571847,1,adaface
180,face_slim,0.4584933,1,adaface
181,face_slim,0.25868338,1,adaface
182,face_slim,0.15320785,1,adaface
183,face_slim,0.14130175,1,adaface
184,face_slim,0.23450208,1,adaface
185,face_slim,0.41641045,1,adaface
186,face_slim,0.69573784,1,adaface
187,face_slim,0.20053837,1,adaface
188,face_slim,0.45762897,1,adaface
189,face_slim,0.3894526,1,adaface
190,face_slim,0.51209116,1,adaface
191,face_slim,0.64600754,1,adaface
192,face_slim,0.54074955,1,adaface
193,face_slim,0.5963278,1,adaface
194,face_slim,0.69743216,1,adaface
195,face_slim,0.67762864,1,adaface
196,face_slim,0.43880585,1,adaface
197,face_slim,0.56123453,1,adaface
198,face_slim,0.36227706,1,adaface
199,face_slim,0.6511123,1,adaface
200,face_slim,0.57015747,1,adaface
201,face_slim,0.38396898,1,adaface
202,face_slim,0.33993596,1,adaface
203,face_slim,0.6758823,1,adaface
204,face_slim,0.49385443,1,adaface
205,face_slim,0.55843306,1,adaface
206,face_slim,0.5324536,1,adaface
207,face_slim,0.4178623,1,adaface
208,face_slim,0.49535644,1,adaface
209,face_slim,0.49604887,1,adaface
210,face_slim,0.35249215,1,adaface
211,face_slim,0.67334634,1,adaface
212,face_slim,0.6941531,1,adaface
213,face_slim,0.61158544,1,adaface
214,face_slim,0.120729126,1,adaface
215,face_slim,0.44796592,1,adaface
216,face_slim,0.6471755,1,adaface
217,face_slim,0.61334735,1,adaface
218,face_slim,0.3861019,1,adaface
219,face_slim,0.55163115,1,adaface
220,face_slim,0.4971903,1,adaface
221,face_slim,0.16759598,1,adaface
222,face_slim,0.360482,1,adaface
223,face_slim,0.4730121,1,adaface
224,face_slim,0.2920358,1,adaface
225,face_slim,0.40388525,1,adaface
226,face_slim,0.44152084,1,adaface
227,face_slim,0.6427473,1,adaface
228,face_slim,0.55609155,1,adaface
229,face_slim,0.64323163,1,adaface
230,face_slim,0.6555164,1,adaface
231,face_slim,0.54216367,1,adaface
232,face_slim,0.67976516,1,adaface
233,face_slim,0.38859314,1,adaface
234,face_slim,0.47458476,1,adaface
235,face_slim,0.5306552,1,adaface
236,face_slim,0.18704523,1,adaface
237,face_slim,0.47260055,1,adaface
238,face_slim,0.18278423,1,adaface
239,face_slim,0.7109403,1,adaface
240,face_slim,0.2339612,1,adaface
241,face_slim,0.67258674,1,adaface
242,face_slim,0.2174836,1,adaface
243,face_slim,0.47968933,1,adaface
244,face_slim,0.44627368,1,adaface
245,face_slim,0.44741508,1,adaface
246,face_slim,0.3898525,1,adaface
247,face_slim,0.748314,1,adaface
248,face_slim,0.43334606,1,adaface
249,face_slim,0.5437528,1,adaface
250,face_slim,0.47011992,1,adaface
251,face_slim,0.30976486,1,adaface
252,face_slim,0.6180177,1,adaface
253,face_slim,0.5551735,1,adaface
254,face_slim,0.24040896,1,adaface
255,face_slim,0.5104781,1,adaface
256,face_slim,0.3568831,1,adaface
257,face_slim,0.5490917,1,adaface
258,face_slim,0.557534,1,adaface
259,face_slim,0.39102474,1,adaface
260,face_slim,0.61654127,1,adaface
261,face_slim,0.5306446,1,adaface
262,face_slim,0.41740793,1,adaface
263,face_slim,0.36982632,1,adaface
264,face_slim,0.42099443,1,adaface
265,face_slim,0.65687346,1,adaface
266,face_slim,0.70741254,1,adaface
267,face_slim,0.5570726,1,adaface
268,face_slim,0.30931574,1,adaface
269,face_slim,0.40264437,1,adaface
270,face_slim,0.4569016,1,adaface
271,face_slim,0.21725373,1,adaface
272,face_slim,0.46964696,1,adaface
273,face_slim,0.41712323,1,adaface
274,face_slim,0.22658783,1,adaface
275,face_slim,0.75211084,1,adaface
276,face_slim,0.3880171,1,adaface
277,face_slim,0.48111168,1,adaface
278,face_slim,0.49334788,1,adaface
279,face_slim,0.5531782,1,adaface
280,face_slim,0.55962706,1,adaface
281,face_slim,0.44960406,1,adaface
282,face_slim,0.5841824,1,adaface
283,face_slim,0.30816698,1,adaface
284,face_slim,0.4222902,1,adaface
285,face_slim,0.66497284,1,adaface
286,face_slim,0.737397,1,adaface
287,face_slim,0.45767358,1,adaface
288,face_slim,0.4442113,1,adaface
289,face_slim,0.37280327,1,adaface
290,face_slim,0.3757987,1,adaface
291,face_slim,0.50047326,1,adaface
292,face_slim,0.6428144,1,adaface
293,face_slim,0.25662792,1,adaface
294,face_slim,0.8448768,1,adaface
295,face_slim,0.37477762,1,adaface
296,face_slim,0.4584656,1,adaface
297,face_slim,0.5363335,1,adaface
298,face_slim,0.43528572,1,adaface
299,face_slim,0.62965477,1,adaface
300,face_slim,0.53349346,0,adaface
301,face_slim,0.28039238,0,adaface
302,face_slim,0.18197455,0,adaface
303,face_slim,0.27693304,0,adaface
304,face_slim,0.48845887,0,adaface
305,face_slim,0.32446158,0,adaface
306,face_slim,0.26386476,0,adaface
307,face_slim,0.32339558,0,adaface
308,face_slim,0.51843536,0,adaface
309,face_slim,0.38654697,0,adaface
310,face_slim,0.24405876,0,adaface
311,face_slim,0.27300435,0,adaface
312,face_slim,0.35212758,0,adaface
313,face_slim,0.25938955,0,adaface
314,face_slim,0.20291722,0,adaface
315,face_slim,0.15332969,0,adaface
316,face_slim,0.36950466,0,adaface
317,face_slim,0.35245997,0,adaface
318,face_slim,0.21240659,0,adaface
319,face_slim,0.3217231,0,adaface
320,face_slim,0.58305645,0,adaface
321,face_slim,0.21379915,0,adaface
322,face_slim,0.2187133,0,adaface
323,face_slim,0.37773126,0,adaface
324,face_slim,0.18595532,0,adaface
325,face_slim,0.19844125,0,adaface
326,face_slim,0.21303874,0,adaface
327,face_slim,0.17482889,0,adaface
328,face_slim,0.32619202,0,adaface
329,face_slim,0.4798917,0,adaface
330,face_slim,0.32649475,0,adaface
331,face_slim,0.28383955,0,adaface
332,face_slim,0.102788486,0,adaface
333,face_slim,0.16084602,0,adaface
334,face_slim,0.26296765,0,adaface
335,face_slim,0.2878682,0,adaface
336,face_slim,0.27381024,0,adaface
337,face_slim,0.36021766,0,adaface
338,face_slim,0.23991112,0,adaface
339,face_slim,0.25000024,0,adaface
340,face_slim,0.41751355,0,adaface
341,face_slim,0.4321455,0,adaface
342,face_slim,0.36965302,0,adaface
343,face_slim,0.39165676,0,adaface
344,face_slim,0.5469714,0,adaface
345,face_slim,0.3651102,0,adaface
346,face_slim,0.18768345,0,adaface
347,face_slim,0.48532522,0,adaface
348,face_slim,0.2401257,0,adaface
349,face_slim,0.19998933,0,adaface
350,face_slim,0.20165904,0,adaface
351,face_slim,0.1502325,0,adaface
352,face_slim,0.35717803,0,adaface
353,face_slim,0.23282811,0,adaface
354,face_slim,0.31618947,0,adaface
355,face_slim,0.3397771,0,adaface
356,face_slim,0.20511736,0,adaface
357,face_slim,0.33655044,0,adaface
358,face_slim,0.4854293,0,adaface
359,face_slim,0.28139108,0,adaface
360,face_slim,0.4907758,0,adaface
361,face_slim,0.5326186,0,adaface
362,face_slim,0.52995217,0,adaface
363,face_slim,0.3539349,0,adaface
364,face_slim,0.3163545,0,adaface
365,face_slim,0.21938737,0,adaface
366,face_slim,0.29773796,0,adaface
367,face_slim,0.22440402,0,adaface
368,face_slim,0.5342008,0,adaface
369,face_slim,0.17051673,0,adaface
370,face_slim,0.42173716,0,adaface
371,face_slim,0.23702656,0,adaface
372,face_slim,0.26522988,0,adaface
373,face_slim,0.40451968,0,adaface
374,face_slim,0.37087548,0,adaface
375,face_slim,0.24674697,0,adaface
376,face_slim,0.28361857,0,adaface
377,face_slim,0.14008678,0,adaface
378,face_slim,0.044135004,0,adaface
379,face_slim,0.39365476,0,adaface
380,face_slim,0.25595042,0,adaface
381,face_slim,0.39348292,0,adaface
382,face_slim,0.43414232,0,adaface
383,face_slim,0.4161791,0,adaface
384,face_slim,0.32016322,0,adaface
385,face_slim,0.4209177,0,adaface
386,face_slim,0.3907605,0,adaface
387,face_slim,0.09375939,0,adaface
388,face_slim,0.18463497,0,adaface
389,face_slim,0.33106098,0,adaface
390,face_slim,-0.02598203,0,adaface
391,face_slim,0.21877532,0,adaface
392,face_slim,0.26479334,0,adaface
393,face_slim,0.23552497,0,adaface
394,face_slim,0.32155818,0,adaface
395,face_slim,0.32471517,0,adaface
396,face_slim,0.33731088,0,adaface
397,face_slim,0.3066421,0,adaface
398,face_slim,0.31636626,0,adaface
399,face_slim,0.2884977,0,adaface
400,face_slim,0.195898,0,adaface
401,face_slim,0.17743725,0,adaface
402,face_slim,0.37437898,0,adaface
403,face_slim,0.33995393,0,adaface
404,face_slim,0.23468967,0,adaface
405,face_slim,0.38703436,0,adaface
406,face_slim,0.25073183,0,adaface
407,face_slim,0.3322476,0,adaface
408,face_slim,0.25319275,0,adaface
409,face_slim,0.25519094,0,adaface
410,face_slim,0.39735684,0,adaface
411,face_slim,0.1932098,0,adaface
412,face_slim,0.48073918,0,adaface
413,face_slim,0.20472343,0,adaface
414,face_slim,0.17754635,0,adaface
415,face_slim,0.2683135,0,adaface
416,face_slim,0.23925102,0,adaface
417,face_slim,0.117682695,0,adaface
418,face_slim,0.2788682,0,adaface
419,face_slim,0.07182152,0,adaface
420,face_slim,0.17823532,0,adaface
421,face_slim,0.09359408,0,adaface
422,face_slim,0.1921993,0,adaface
423,face_slim,0.29561728,0,adaface
424,face_slim,0.2460521,0,adaface
425,face_slim,0.21819156,0,adaface
426,face_slim,0.115595765,0,adaface
427,face_slim,0.4058049,0,adaface
428,face_slim,0.15291794,0,adaface
429,face_slim,0.34304214,0,adaface
430,face_slim,0.27621305,0,adaface
431,face_slim,0.17839855,0,adaface
432,face_slim,0.18676326,0,adaface
433,face_slim,0.42682338,0,adaface
434,face_slim,0.5017814,0,adaface
435,face_slim,0.35226265,0,adaface
436,face_slim,0.2269169,0,adaface
437,face_slim,0.43286845,0,adaface
438,face_slim,0.23481712,0,adaface
439,face_slim,0.30171815,0,adaface
440,face_slim,0.464816,0,adaface
441,face_slim,0.248304,0,adaface
442,face_slim,0.20860489,0,adaface
443,face_slim,0.23090784,0,adaface
444,face_slim,0.1782294,0,adaface
445,face_slim,0.3163459,0,adaface
446,face_slim,0.35184804,0,adaface
447,face_slim,0.24017943,0,adaface
448,face_slim,0.50770664,0,adaface
449,face_slim,0.3977874,0,adaface
450,face_slim,0.28909656,0,adaface
451,face_slim,0.1174131,0,adaface
452,face_slim,0.11440023,0,adaface
453,face_slim,0.25504762,0,adaface
454,face_slim,0.3184956,0,adaface
455,face_slim,0.3110187,0,adaface
456,face_slim,0.3595216,0,adaface
457,face_slim,0.25093812,0,adaface
458,face_slim,0.32868978,0,adaface
459,face_slim,0.32855195,0,adaface
460,face_slim,0.5091388,0,adaface
461,face_slim,0.17001088,0,adaface
462,face_slim,0.2309912,0,adaface
463,face_slim,0.20486401,0,adaface
464,face_slim,0.3445161,0,adaface
465,face_slim,0.114060745,0,adaface
466,face_slim,0.30813226,0,adaface
467,face_slim,0.24594754,0,adaface
468,face_slim,0.14785707,0,adaface
469,face_slim,0.3461241,0,adaface
470,face_slim,0.20582509,0,adaface
471,face_slim,0.16290864,0,adaface
472,face_slim,0.53627735,0,adaface
473,face_slim,0.36085725,0,adaface
474,face_slim,0.33214584,0,adaface
475,face_slim,0.21703301,0,adaface
476,face_slim,0.47970092,0,adaface
477,face_slim,0.18314692,0,adaface
478,face_slim,0.42066947,0,adaface
479,face_slim,0.27058762,0,adaface
480,face_slim,0.1999936,0,adaface
481,face_slim,0.43021697,0,adaface
482,face_slim,0.41006762,0,adaface
483,face_slim,0.32461575,0,adaface
484,face_slim,0.45049876,0,adaface
485,face_slim,0.08539314,0,adaface
486,face_slim,0.21062006,0,adaface
487,face_slim,0.28492162,0,adaface
488,face_slim,0.17106715,0,adaface
489,face_slim,0.35530585,0,adaface
490,face_slim,0.41650924,0,adaface
491,face_slim,0.33593667,0,adaface
492,face_slim,0.42745396,0,adaface
493,face_slim,0.5661728,0,adaface
494,face_slim,0.31525826,0,adaface
495,face_slim,0.47370875,0,adaface
496,face_slim,0.27074018,0,adaface
497,face_slim,0.1312591,0,adaface
498,face_slim,0.3123879,0,adaface
499,face_slim,0.31257772,0,adaface
500,face_slim,0.23974021,0,adaface
501,face_slim,0.3558345,0,adaface
502,face_slim,0.46283692,0,adaface
503,face_slim,0.28287908,0,adaface
504,face_slim,0.011557052,0,adaface
505,face_slim,0.48592737,0,adaface
506,face_slim,0.417717,0,adaface
507,face_slim,0.3685523,0,adaface
508,face_slim,0.26440403,0,adaface
509,face_slim,0.43547967,0,adaface
510,face_slim,0.31367877,0,adaface
511,face_slim,0.5112625,0,adaface
512,face_slim,0.38980794,0,adaface
513,face_slim,0.3316682,0,adaface
514,face_slim,0.57070774,0,adaface
515,face_slim,0.34422827,0,adaface
516,face_slim,0.18884425,0,adaface
517,face_slim,0.41490552,0,adaface
518,face_slim,0.12734543,0,adaface
519,face_slim,0.48902404,0,adaface
520,face_slim,0.32350668,0,adaface
521,face_slim,0.37889224,0,adaface
522,face_slim,0.2381817,0,adaface
523,face_slim,0.11649325,0,adaface
524,face_slim,0.43982226,0,adaface
525,face_slim,0.37189972,0,adaface
526,face_slim,0.3228006,0,adaface
527,face_slim,0.4716289,0,adaface
528,face_slim,0.3714586,0,adaface
529,face_slim,0.51767564,0,adaface
530,face_slim,0.2592817,0,adaface
531,face_slim,0.14284597,0,adaface
532,face_slim,0.20839575,0,adaface
533,face_slim,0.50606,0,adaface
534,face_slim,0.26581845,0,adaface
535,face_slim,0.32000354,0,adaface
536,face_slim,0.24137384,0,adaface
537,face_slim,0.3172334,0,adaface
538,face_slim,0.20513396,0,adaface
539,face_slim,0.35272956,0,adaface
540,face_slim,0.49670553,0,adaface
541,face_slim,0.16141702,0,adaface
542,face_slim,0.39728504,0,adaface
543,face_slim,0.38405448,0,adaface
544,face_slim,0.26143292,0,adaface
545,face_slim,0.22958139,0,adaface
546,face_slim,0.16973798,0,adaface
547,face_slim,0.21938284,0,adaface
548,face_slim,0.056009956,0,adaface
549,face_slim,0.3622921,0,adaface
550,face_slim,0.3128867,0,adaface
551,face_slim,0.39626148,0,adaface
552,face_slim,0.23465338,0,adaface
553,face_slim,0.28618342,0,adaface
554,face_slim,0.34072894,0,adaface
555,face_slim,0.22899464,0,adaface
556,face_slim,0.25379148,0,adaface
557,face_slim,0.5297905,0,adaface
558,face_slim,0.029323343,0,adaface
559,face_slim,0.36888888,0,adaface
560,face_slim,0.50609267,0,adaface
561,face_slim,0.22157791,0,adaface
562,face_slim,0.2302954,0,adaface
563,face_slim,0.41862294,0,adaface
564,face_slim,0.22031581,0,adaface
565,face_slim,0.0038963323,0,adaface
566,face_slim,0.31414545,0,adaface
567,face_slim,0.31283584,0,adaface
568,face_slim,0.40444306,0,adaface
569,face_slim,0.3895118,0,adaface
570,face_slim,0.27774587,0,adaface
571,face_slim,0.27452284,0,adaface
572,face_slim,0.21356028,0,adaface
573,face_slim,0.28025737,0,adaface
574,face_slim,0.3464598,0,adaface
575,face_slim,0.32012504,0,adaface
576,face_slim,0.34458053,0,adaface
577,face_slim,0.33489478,0,adaface
578,face_slim,0.30675647,0,adaface
579,face_slim,0.4363925,0,adaface
580,face_slim,0.34185475,0,adaface
581,face_slim,0.34820312,0,adaface
582,face_slim,0.36801118,0,adaface
583,face_slim,0.13878517,0,adaface
584,face_slim,0.014127551,0,adaface
585,face_slim,0.18609214,0,adaface
586,face_slim,0.22649269,0,adaface
587,face_slim,0.3238421,0,adaface
588,face_slim,0.39026052,0,adaface
589,face_slim,0.3355236,0,adaface
590,face_slim,0.24411456,0,adaface
591,face_slim,0.28851447,0,adaface
592,face_slim,0.24495395,0,adaface
593,face_slim,0.47797772,0,adaface
594,face_slim,0.25991094,0,adaface
595,face_slim,0.27132708,0,adaface
596,face_slim,0.50211024,0,adaface
597,face_slim,0.23939274,0,adaface
598,face_slim,0.11399316,0,adaface
599,face_slim,0.21933928,0,adaface
0,color_tone,0.364722,1,adaface
1,color_tone,0.5657144,1,adaface
2,color_tone,0.23553263,1,adaface
3,color_tone,0.7856248,1,adaface
4,color_tone,0.5563129,1,adaface
5,color_tone,0.4623358,1,adaface
6,color_tone,0.8152884,1,adaface
7,color_tone,0.5771296,1,adaface
8,color_tone,0.26425108,1,adaface
9,color_tone,0.69313544,1,adaface
10,color_tone,0.39385247,1,adaface
11,color_tone,0.34684914,1,adaface
12,color_tone,0.61944115,1,adaface
13,color_tone,0.67049354,1,adaface
14,color_tone,0.35871965,1,adaface
15,color_tone,0.5045846,1,adaface
16,color_tone,0.7674438,1,adaface
17,color_tone,0.55097824,1,adaface
18,color_tone,0.50798297,1,adaface
19,color_tone,0.32335132,1,adaface
20,color_tone,0.31448725,1,adaface
21,color_tone,0.40942183,1,adaface
22,color_tone,0.62369174,1,adaface
23,color_tone,0.51451766,1,adaface
24,color_tone,0.064056255,1,adaface
25,color_tone,0.43155706,1,adaface
26,color_tone,0.37167993,1,adaface
27,color_tone,0.6131715,1,adaface
28,color_tone,0.49132237,1,adaface
29,color_tone,0.42916644,1,adaface
30,color_tone,0.49821916,1,adaface
31,color_tone,0.6308477,1,adaface
32,color_tone,0.5292778,1,adaface
33,color_tone,0.59375924,1,adaface
34,color_tone,0.26272407,1,adaface
35,color_tone,0.5334396,1,adaface
36,color_tone,0.7645352,1,adaface
37,color_tone,0.4479135,1,adaface
38,color_tone,0.4760641,1,adaface
39,color_tone,0.579212,1,adaface
40,color_tone,0.5877363,1,adaface
41,color_tone,0.6575364,1,adaface
42,color_tone,0.7327806,1,adaface
43,color_tone,0.26287428,1,adaface
44,color_tone,0.2908682,1,adaface
45,color_tone,0.5776274,1,adaface
46,color_tone,0.6636775,1,adaface
47,color_tone,0.4404478,1,adaface
48,color_tone,0.62949336,1,adaface
49,color_tone,0.642395,1,adaface
50,color_tone,0.46552855,1,adaface
51,color_tone,0.5283726,1,adaface
52,color_tone,0.5358708,1,adaface
53,color_tone,0.2486783,1,adaface
54,color_tone,0.49411052,1,adaface
55,color_tone,0.48413953,1,adaface
56,color_tone,0.6538809,1,adaface
57,color_tone,0.8067182,1,adaface
58,color_tone,0.3934538,1,adaface
59,color_tone,0.12671174,1,adaface
60,color_tone,0.47058567,1,adaface
61,color_tone,0.4309932,1,adaface
62,color_tone,0.39071012,1,adaface
63,color_tone,0.49155194,1,adaface
64,color_tone,0.70806026,1,adaface
65,color_tone,0.60737383,1,adaface
66,color_tone,0.5517436,1,adaface
67,color_tone,0.6234582,1,adaface
68,color_tone,0.5612239,1,adaface
69,color_tone,0.52154523,1,adaface
70,color_tone,0.45682076,1,adaface
71,color_tone,0.4913505,1,adaface
72,color_tone,0.35790783,1,adaface
73,color_tone,0.42910334,1,adaface
74,color_tone,0.51159954,1,adaface
75,color_tone,0.70865357,1,adaface
76,color_tone,0.3653965,1,adaface
77,color_tone,0.6384735,1,adaface
78,color_tone,0.37341094,1,adaface
79,color_tone,0.47916466,1,adaface
80,color_tone,0.5009928,1,adaface
81,color_tone,0.31669194,1,adaface
82,color_tone,0.6567707,1,adaface
83,color_tone,0.4911474,1,adaface
84,color_tone,0.50152797,1,adaface
85,color_tone,0.34972945,1,adaface
86,color_tone,0.47009864,1,adaface
87,color_tone,0.53514344,1,adaface
88,color_tone,0.44423315,1,adaface
89,color_tone,0.27548113,1,adaface
90,color_tone,0.6109029,1,adaface
91,color_tone,0.44242123,1,adaface
92,color_tone,0.24117462,1,adaface
93,color_tone,0.14634195,1,adaface
94,color_tone,0.5002409,1,adaface
95,color_tone,0.6170941,1,adaface
96,color_tone,0.4988017,1,adaface
97,color_tone,0.4833228,1,adaface
98,color_tone,0.36369452,1,adaface
99,color_tone,0.5409611,1,adaface
100,color_tone,0.498888,1,adaface
101,color_tone,0.45905343,1,adaface
102,color_tone,0.58835447,1,adaface
103,color_tone,0.59915584,1,adaface
104,color_tone,0.6679349,1,adaface
105,color_tone,0.48788956,1,adaface
106,color_tone,0.4336485,1,adaface
107,color_tone,0.6536078,1,adaface
108,color_tone,0.5882697,1,adaface
109,color_tone,0.54505485,1,adaface
110,color_tone,0.4161068,1,adaface
111,color_tone,0.47743258,1,adaface
112,color_tone,0.43255302,1,adaface
113,color_tone,0.69384944,1,adaface
114,color_tone,0.3819506,1,adaface
115,color_tone,0.44632253,1,adaface
116,color_tone,0.4595458,1,adaface
117,color_tone,0.6616852,1,adaface
118,color_tone,0.7264015,1,adaface
119,color_tone,0.5373989,1,adaface
120,color_tone,0.4922263,1,adaface
121,color_tone,0.50771797,1,adaface
122,color_tone,0.41394648,1,adaface
123,color_tone,0.5328229,1,adaface
124,color_tone,0.3350979,1,adaface
125,color_tone,0.30740657,1,adaface
126,color_tone,0.513513,1,adaface
127,color_tone,0.4997829,1,adaface
128,color_tone,0.7058721,1,adaface
129,color_tone,0.5414857,1,adaface
130,color_tone,0.36185235,1,adaface
131,color_tone,0.63327616,1,adaface
132,color_tone,0.15925375,1,adaface
133,color_tone,0.46679255,1,adaface
134,color_tone,0.55258024,1,adaface
135,color_tone,0.63119406,1,adaface
136,color_tone,0.3159748,1,adaface
137,color_tone,0.4167722,1,adaface
138,color_tone,0.57111394,1,adaface
139,color_tone,0.4533961,1,adaface
140,color_tone,0.81098974,1,adaface
141,color_tone,0.5310424,1,adaface
142,color_tone,0.4382885,1,adaface
143,color_tone,0.6697293,1,adaface
144,color_tone,0.3659421,1,adaface
145,color_tone,0.4465795,1,adaface
146,color_tone,0.42753106,1,adaface
147,color_tone,0.5048689,1,adaface
148,color_tone,0.2035331,1,adaface
149,color_tone,0.24850008,1,adaface
150,color_tone,0.30519205,1,adaface
151,color_tone,0.67789054,1,adaface
152,color_tone,0.31121096,1,adaface
153,color_tone,0.71908677,1,adaface
154,color_tone,0.47261643,1,adaface
155,color_tone,0.7057113,1,adaface
156,color_tone,0.20896757,1,adaface
157,color_tone,0.46969,1,adaface
158,color_tone,0.24630244,1,adaface
159,color_tone,0.4752924,1,adaface
160,color_tone,0.3013806,1,adaface
161,color_tone,0.8993397,1,adaface
162,color_tone,0.5492456,1,adaface
163,color_tone,0.5568764,1,adaface
164,color_tone,0.7770819,1,adaface
165,color_tone,0.8416585,1,adaface
166,color_tone,0.69780606,1,adaface
167,color_tone,0.5158181,1,adaface
168,color_tone,0.3556686,1,adaface
169,color_tone,0.24948871,1,adaface
170,color_tone,0.4562877,1,adaface
171,color_tone,0.23927635,1,adaface
172,color_tone,0.44496503,1,adaface
173,color_tone,0.44621274,1,adaface
174,color_tone,0.65792835,1,adaface
175,color_tone,0.56351304,1,adaface
176,color_tone,0.64582443,1,adaface
177,color_tone,0.53913003,1,adaface
178,color_tone,0.60133356,1,adaface
179,color_tone,0.36626118,1,adaface
180,color_tone,0.42595017,1,adaface
181,color_tone,0.23204339,1,adaface
182,color_tone,0.100015335,1,adaface
183,color_tone,0.06634398,1,adaface
184,color_tone,0.24574181,1,adaface
185,color_tone,0.4918289,1,adaface
186,color_tone,0.69874346,1,adaface
187,color_tone,0.19462493,1,adaface
188,color_tone,0.3729773,1,adaface
189,color_tone,0.41255096,1,adaface
190,color_tone,0.52813596,1,adaface
191,color_tone,0.65686595,1,adaface
192,color_tone,0.47150853,1,adaface
193,color_tone,0.65830094,1,adaface
194,color_tone,0.7073838,1,adaface
195,color_tone,0.625143,1,adaface
196,color_tone,0.4838119,1,adaface
197,color_tone,0.5445532,1,adaface
198,color_tone,0.34905785,1,adaface
199,color_tone,0.62774694,1,adaface
200,color_tone,0.569916,1,adaface
201,color_tone,0.36590913,1,adaface
202,color_tone,0.28062728,1,adaface
203,color_tone,0.5941186,1,adaface
204,color_tone,0.5200836,1,adaface
205,color_tone,0.60184103,1,adaface
206,color_tone,0.4777353,1,adaface
207,color_tone,0.42949042,1,adaface
208,color_tone,0.5544756,1,adaface
209,color_tone,0.46202105,1,adaface
210,color_tone,0.36461157,1,adaface
211,color_tone,0.6526564,1,adaface
212,color_tone,0.74905497,1,adaface
213,color_tone,0.6078957,1,adaface
214,color_tone,0.202416,1,adaface
215,color_tone,0.4703562,1,adaface
216,color_tone,0.67652375,1,adaface
217,color_tone,0.57181585,1,adaface
218,color_tone,0.34181213,1,adaface
219,color_tone,0.58472615,1,adaface
220,color_tone,0.49517083,1,adaface
221,color_tone,0.12016188,1,adaface
222,color_tone,0.37850836,1,adaface
223,color_tone,0.39535773,1,adaface
224,color_tone,0.3084081,1,adaface
225,color_tone,0.41824365,1,adaface
226,color_tone,0.4491695,1,adaface
227,color_tone,0.64410365,1,adaface
228,color_tone,0.58498067,1,adaface
229,color_tone,0.65799224,1,adaface
230,color_tone,0.62912595,1,adaface
231,color_tone,0.54525524,1,adaface
232,color_tone,0.62861526,1,adaface
233,color_tone,0.37296736,1,adaface
234,color_tone,0.4486737,1,adaface
235,color_tone,0.55555505,1,adaface
236,color_tone,0.20454481,1,adaface
237,color_tone,0.43785495,1,adaface
238,color_tone,0.20682618,1,adaface
239,color_tone,0.7155024,1,adaface
240,color_tone,0.29884034,1,adaface
241,color_tone,0.64499795,1,adaface
242,color_tone,0.23961638,1,adaface
243,color_tone,0.45519218,1,adaface
244,color_tone,0.50892425,1,adaface
245,color_tone,0.44847804,1,adaface
246,color_tone,0.3482148,1,adaface
247,color_tone,0.7273383,1,adaface
248,color_tone,0.49280125,1,adaface
249,color_tone,0.5276628,1,adaface
250,color_tone,0.45880577,1,adaface
251,color_tone,0.4353085,1,adaface
252,color_tone,0.65675575,1,adaface
253,color_tone,0.62917733,1,adaface
254,color_tone,0.27788532,1,adaface
255,color_tone,0.47497997,1,adaface
256,color_tone,0.3141238,1,adaface
257,color_tone,0.55332494,1,adaface
258,color_tone,0.54043615,1,adaface
259,color_tone,0.388389,1,adaface
260,color_tone,0.64582616,1,adaface
261,color_tone,0.5165339,1,adaface
262,color_tone,0.36173895,1,adaface
263,color_tone,0.353986,1,adaface
264,color_tone,0.45395797,1,adaface
265,color_tone,0.6608456,1,adaface
266,color_tone,0.7228953,1,adaface
267,color_tone,0.5601638,1,adaface
268,color_tone,0.29498053,1,adaface
269,color_tone,0.42265728,1,adaface
270,color_tone,0.38598946,1,adaface
271,color_tone,0.2982628,1,adaface
272,color_tone,0.4997814,1,adaface
273,color_tone,0.41769505,1,adaface
274,color_tone,0.203205,1,adaface
275,color_tone,0.738201,1,adaface
276,color_tone,0.40767002,1,adaface
277,color_tone,0.4499674,1,adaface
278,color_tone,0.47760662,1,adaface
279,color_tone,0.56280065,1,adaface
280,color_tone,0.5951711,1,adaface
281,color_tone,0.48100913,1,adaface
282,color_tone,0.59614587,1,adaface
283,color_tone,0.33904943,1,adaface
284,color_tone,0.51472896,1,adaface
285,color_tone,0.574012,1,adaface
286,color_tone,0.8056248,1,adaface
287,color_tone,0.5060802,1,adaface
288,color_tone,0.50262994,1,adaface
289,color_tone,0.3534035,1,adaface
290,color_tone,0.42822266,1,adaface
291,color_tone,0.517441,1,adaface
292,color_tone,0.673633,1,adaface
293,color_tone,0.2770643,1,adaface
294,color_tone,0.8246553,1,adaface
295,color_tone,0.39850357,1,adaface
296,color_tone,0.49814117,1,adaface
297,color_tone,0.50370556,1,adaface
298,color_tone,0.5495983,1,adaface
299,color_tone,0.62008005,1,adaface
300,color_tone,0.46556094,0,adaface
301,color_tone,0.2401262,0,adaface
302,color_tone,0.17927538,0,adaface
303,color_tone,0.2484115,0,adaface
304,color_tone,0.484227,0,adaface
305,color_tone,0.26429087,0,adaface
306,color_tone,0.19802138,0,adaface
307,color_tone,0.2830745,0,adaface
308,color_tone,0.4079401,0,adaface
309,color_tone,0.3867623,0,adaface
310,color_tone,0.24628371,0,adaface
311,color_tone,0.23261298,0,adaface
312,color_tone,0.34491095,0,adaface
313,color_tone,0.24227461,0,adaface
314,color_tone,0.27690157,0,adaface
315,color_tone,0.10857005,0,adaface
316,color_tone,0.42500997,0,adaface
317,color_tone,0.39168307,0,adaface
318,color_tone,0.18025573,0,adaface
319,color_tone,0.18183723,0,adaface
320,color_tone,0.49204484,0,adaface
321,color_tone,0.17803974,0,adaface
322,color_tone,0.22856255,0,adaface
323,color_tone,0.40226743,0,adaface
324,color_tone,0.16225938,0,adaface
325,color_tone,0.1721488,0,adaface
326,color_tone,0.22589341,0,adaface
327,color_tone,0.17039844,0,adaface
328,color_tone,0.3279301,0,adaface
329,color_tone,0.47205323,0,adaface
330,color_tone,0.30713475,0,adaface
331,color_tone,0.2716629,0,adaface
332,color_tone,0.08060555,0,adaface
333,color_tone,0.15343402,0,adaface
334,color_tone,0.24439032,0,adaface
335,color_tone,0.27134365,0,adaface
336,color_tone,0.2582738,0,adaface
337,color_tone,0.3284583,0,adaface
338,color_tone,0.25661045,0,adaface
339,color_tone,0.23382065,0,adaface
340,color_tone,0.4595959,0,adaface
341,color_tone,0.40474612,0,adaface
342,color_tone,0.2956969,0,adaface
343,color_tone,0.45319325,0,adaface
344,color_tone,0.6287357,0,adaface
345,color_tone,0.39524734,0,adaface
346,color_tone,0.14803201,0,adaface
347,color_tone,0.5253247,0,adaface
348,color_tone,0.17125933,0,adaface
349,color_tone,0.17041653,0,adaface
350,color_tone,0.19214138,0,adaface
351,color_tone,0.15372837,0,adaface
352,color_tone,0.33798912,0,adaface
353,color_tone,0.23158722,0,adaface
354,color_tone,0.34001365,0,adaface
355,color_tone,0.35368687,0,adaface
356,color_tone,0.18220118,0,adaface
357,color_tone,0.28227705,0,adaface
358,color_tone,0.46951702,0,adaface
359,color_tone,0.29571837,0,adaface
360,color_tone,0.49654335,0,adaface
361,color_tone,0.5165991,0,adaface
362,color_tone,0.48315448,0,adaface
363,color_tone,0.33025762,0,adaface
364,color_tone,0.2859335,0,adaface
365,color_tone,0.21687207,0,adaface
366,color_tone,0.32679558,0,adaface
367,color_tone,0.30186307,0,adaface
368,color_tone,0.46482036,0,adaface
369,color_tone,0.23450579,0,adaface
370,color_tone,0.39295375,0,adaface
371,color_tone,0.20460272,0,adaface
372,color_tone,0.2556308,0,adaface
373,color_tone,0.41544276,0,adaface
374,color_tone,0.36284986,0,adaface
375,color_tone,0.25550514,0,adaface
376,color_tone,0.2612951,0,adaface
377,color_tone,0.26675034,0,adaface
378,color_tone,0.03761008,0,adaface
379,color_tone,0.31484595,0,adaface
380,color_tone,0.26062465,0,adaface
381,color_tone,0.3586064,0,adaface
382,color_tone,0.38208425,0,adaface
383,color_tone,0.45731717,0,adaface
384,color_tone,0.3592787,0,adaface
385,color_tone,0.41988215,0,adaface
386,color_tone,0.32953855,0,adaface
387,color_tone,0.096633345,0,adaface
388,color_tone,0.21925315,0,adaface
389,color_tone,0.28326824,0,adaface
390,color_tone,0.07249933,0,adaface
391,color_tone,0.25619334,0,adaface
392,color_tone,0.24282256,0,adaface
393,color_tone,0.27250275,0,adaface
394,color_tone,0.2637748,0,adaface
395,color_tone,0.33014092,0,adaface
396,color_tone,0.3450771,0,adaface
397,color_tone,0.3018424,0,adaface
398,color_tone,0.3154572,0,adaface
399,color_tone,0.37251723,0,adaface
400,color_tone,0.17685325,0,adaface
401,color_tone,0.15721406,0,adaface
402,color_tone,0.30026478,0,adaface
403,color_tone,0.37247044,0,adaface
404,color_tone,0.26871613,0,adaface
405,color_tone,0.39867735,0,adaface
406,color_tone,0.3026233,0,adaface
407,color_tone,0.33623952,0,adaface
408,color_tone,0.35592505,0,adaface
409,color_tone,0.28862855,0,adaface
410,color_tone,0.39791346,0,adaface
411,color_tone,0.16804045,0,adaface
412,color_tone,0.4916336,0,adaface
413,color_tone,0.28931308,0,adaface
414,color_tone,0.16459203,0,adaface
415,color_tone,0.30949098,0,adaface
416,color_tone,0.26626337,0,adaface
417,color_tone,0.06889125,0,adaface
418,color_tone,0.2745589,0,adaface
419,color_tone,0.10360257,0,adaface
420,color_tone,0.12595218,0,adaface
421,color_tone,0.06483013,0,adaface
422,color_tone,0.15314044,0,adaface
423,color_tone,0.25591245,0,adaface
424,color_tone,0.26522538,0,adaface
425,color_tone,0.19751304,0,adaface
426,color_tone,0.12358283,0,adaface
427,color_tone,0.39245012,0,adaface
428,color_tone,0.24571492,0,adaface
429,color_tone,0.41332924,0,adaface
430,color_tone,0.31004128,0,adaface
431,color_tone,0.22994691,0,adaface
432,color_tone,0.18354218,0,adaface
433,color_tone,0.43248016,0,adaface
434,color_tone,0.42385906,0,adaface
435,color_tone,0.3295393,0,adaface
436,color_tone,0.19108398,0,adaface
437,color_tone,0.4426879,0,adaface
438,color_tone,0.25542554,0,adaface
439,color_tone,0.34762284,0,adaface
440,color_tone,0.49732834,0,adaface
441,color_tone,0.23689793,0,adaface
442,color_tone,0.14656049,0,adaface
443,color_tone,0.26943427,0,adaface
444,color_tone,0.08118423,0,adaface
445,color_tone,0.24520676,0,adaface
446,color_tone,0.32874015,0,adaface
447,color_tone,0.21663293,0,adaface
448,color_tone,0.53172565,0,adaface
449,color_tone,0.36427575,0,adaface
450,color_tone,0.31380334,0,adaface
451,color_tone,0.14029942,0,adaface
452,color_tone,-0.010717619,0,adaface
453,color_tone,0.26688582,0,adaface
454,color_tone,0.30492845,0,adaface
455,color_tone,0.28508398,0,adaface
456,color_tone,0.32541838,0,adaface
457,color_tone,0.21983665,0,adaface
458,color_tone,0.38857988,0,adaface
459,color_tone,0.27684158,0,adaface
460,color_tone,0.48536333,0,adaface
461,color_tone,0.1518011,0,adaface
462,color_tone,0.29801306,0,adaface
463,color_tone,0.14750461,0,adaface
464,color_tone,0.24399078,0,adaface
465,color_tone,0.16168833,0,adaface
466,color_tone,0.33248535,0,adaface
467,color_tone,0.24663821,0,adaface
468,color_tone,0.11344579,0,adaface
469,color_tone,0.3350127,0,adaface
470,color_tone,0.18873061,0,adaface
471,color_tone,0.16382316,0,adaface
472,color_tone,0.5514484,0,adaface
473,color_tone,0.2582802,0,adaface
474,color_tone,0.3659742,0,adaface
475,color_tone,0.24644232,0,adaface
476,color_tone,0.45730594,0,adaface
477,color_tone,0.11254937,0,adaface
478,color_tone,0.4104436,0,adaface
479,color_tone,0.2550765,0,adaface
480,color_tone,0.17818236,0,adaface
481,color_tone,0.44825047,0,adaface
482,color_tone,0.42024443,0,adaface
483,color_tone,0.38087672,0,adaface
484,color_tone,0.39986184,0,adaface
485,color_tone,0.117535695,0,adaface
486,color_tone,0.21850471,0,adaface
487,color_tone,0.23387752,0,adaface
488,color_tone,0.14625604,0,adaface
489,color_tone,0.3405758,0,adaface
490,color_tone,0.3997626,0,adaface
491,color_tone,0.2700703,0,adaface
492,color_tone,0.36508128,0,adaface
493,color_tone,0.46076947,0,adaface
494,color_tone,0.3155704,0,adaface
495,color_tone,0.47758538,0,adaface
496,color_tone,0.24016435,0,adaface
497,color_tone,0.1541164,0,adaface
498,color_tone,0.32721117,0,adaface
499,color_tone,0.28836042,0,adaface
500,color_tone,0.26746884,0,adaface
501,color_tone,0.32786453,0,adaface
502,color_tone,0.4216586,0,adaface
503,color_tone,0.2495123,0,adaface
504,color_tone,0.012239175,0,adaface
505,color_tone,0.5303939,0,adaface
506,color_tone,0.4699965,0,adaface
507,color_tone,0.29520646,0,adaface
508,color_tone,0.26057565,0,adaface
509,color_tone,0.4523663,0,adaface
510,color_tone,0.33642173,0,adaface
511,color_tone,0.5078278,0,adaface
512,color_tone,0.3787025,0,adaface
513,color_tone,0.36484352,0,adaface
514,color_tone,0.5214237,0,adaface
515,color_tone,0.38927183,0,adaface
516,color_tone,0.13565329,0,adaface
517,color_tone,0.42665437,0,adaface
518,color_tone,0.14722086,0,adaface
519,color_tone,0.48786286,0,adaface
520,color_tone,0.35198358,0,adaface
521,color_tone,0.30138606,0,adaface
522,color_tone,0.1834083,0,adaface
523,color_tone,0.11735906,0,adaface
524,color_tone,0.42613822,0,adaface
525,color_tone,0.4008875,0,adaface
526,color_tone,0.27490637,0,adaface
527,color_tone,0.4926797,0,adaface
528,color_tone,0.40865093,0,adaface
529,color_tone,0.4986852,0,adaface
530,color_tone,0.28464472,0,adaface
531,color_tone,0.16885306,0,adaface
532,color_tone,0.21944416,0,adaface
533,color_tone,0.47764194,0,adaface
534,color_tone,0.2622117,0,adaface
535,color_tone,0.24591762,0,adaface
536,color_tone,0.22766915,0,adaface
537,color_tone,0.3541857,0,adaface
538,color_tone,0.19340098,0,adaface
539,color_tone,0.3072077,0,adaface
540,color_tone,0.48362818,0,adaface
541,color_tone,0.25659832,0,adaface
542,color_tone,0.3390248,0,adaface
543,color_tone,0.29605258,0,adaface
544,color_tone,0.26498258,0,adaface
545,color_tone,0.33348882,0,adaface
546,color_tone,0.16486461,0,adaface
547,color_tone,0.2731305,0,adaface
548,color_tone,0.087436706,0,adaface
549,color_tone,0.35748512,0,adaface
550,color_tone,0.3692412,0,adaface
551,color_tone,0.37508196,0,adaface
552,color_tone,0.2741635,0,adaface
553,color_tone,0.32433635,0,adaface
554,color_tone,0.30214974,0,adaface
555,color_tone,0.17909996,0,adaface
556,color_tone,0.26094148,0,adaface
557,color_tone,0.53001165,0,adaface
558,color_tone,-0.024219865,0,adaface
559,color_tone,0.36675707,0,adaface
560,color_tone,0.4838618,0,adaface
561,color_tone,0.21210076,0,adaface
562,color_tone,0.16412716,0,adaface
563,color_tone,0.45995823,0,adaface
564,color_tone,0.19210939,0,adaface
565,color_tone,0.023411732,0,adaface
566,color_tone,0.3058369,0,adaface
567,color_tone,0.30638447,0,adaface
568,color_tone,0.43726772,0,adaface
569,color_tone,0.40014356,0,adaface
570,color_tone,0.25146282,0,adaface
571,color_tone,0.22291265,0,adaface
572,color_tone,0.29878032,0,adaface
573,color_tone,0.20719826,0,adaface
574,color_tone,0.34419757,0,adaface
575,color_tone,0.29061207,0,adaface
576,color_tone,0.35182837,0,adaface
577,color_tone,0.31513107,0,adaface
578,color_tone,0.19772156,0,adaface
579,color_tone,0.38900506,0,adaface
580,color_tone,0.31939876,0,adaface
581,color_tone,0.40944344,0,adaface
582,color_tone,0.34253922,0,adaface
583,color_tone,0.15038307,0,adaface
584,color_tone,0.016186928,0,adaface
585,color_tone,0.14840668,0,adaface
586,color_tone,0.23012853,0,adaface
587,color_tone,0.43272683,0,adaface
588,color_tone,0.36654595,0,adaface
589,color_tone,0.33134407,0,adaface
590,color_tone,0.24812277,0,adaface
591,color_tone,0.19049105,0,adaface
592,color_tone,0.22665216,0,adaface
593,color_tone,0.42801076,0,adaface
594,color_tone,0.20905992,0,adaface
595,color_tone,0.2556073,0,adaface
596,color_tone,0.37578878,0,adaface
597,color_tone,0.27926564,0,adaface
598,color_tone,0.10870587,0,adaface
599,color_tone,0.18596481,0,adaface
