pair_id,filter_name,similarity_score,true_label,model_name
0,original,0.36226293,1,arcface
1,original,0.8589332,1,arcface
2,original,0.70503086,1,arcface
3,original,0.7815201,1,arcface
4,original,0.079281114,1,arcface
5,original,0.06740845,1,arcface
6,original,0.9450971,1,arcface
7,original,0.9185687,1,arcface
8,original,0.8559116,1,arcface
9,original,0.95814276,1,arcface
10,original,0.9860031,1,arcface
11,original,0.84227735,1,arcface
12,original,0.9814811,1,arcface
13,original,0.98673373,1,arcface
14,original,0.96081525,1,arcface
15,original,0.9551596,1,arcface
16,original,0.9809465,1,arcface
17,original,0.9161174,1,arcface
18,original,0.9253204,1,arcface
19,original,0.71062064,1,arcface
20,original,0.9853096,1,arcface
21,original,0.9850347,1,arcface
22,original,0.9707591,1,arcface
23,original,0.98997337,1,arcface
24,original,0.74859303,1,arcface
25,original,0.98234504,1,arcface
26,original,0.9565071,1,arcface
27,original,0.9642037,1,arcface
28,original,0.9649714,1,arcface
29,original,0.958561,1,arcface
30,original,0.93674064,1,arcface
31,original,0.97813344,1,arcface
32,original,0.9768084,1,arcface
33,original,0.97009236,1,arcface
34,original,0.98470885,1,arcface
35,original,0.9685576,1,arcface
36,original,0.9219195,1,arcface
37,original,0.9883224,1,arcface
38,original,0.9848601,1,arcface
39,original,0.98060006,1,arcface
40,original,0.9475945,1,arcface
41,original,0.9803782,1,arcface
42,original,0.92896706,1,arcface
43,original,0.98602605,1,arcface
44,original,0.9374105,1,arcface
45,original,0.9693927,1,arcface
46,original,0.91111845,1,arcface
47,original,0.98974305,1,arcface
48,original,0.9438649,1,arcface
49,original,0.7877668,1,arcface
50,original,0.9668441,1,arcface
51,original,0.935146,1,arcface
52,original,0.9419673,1,arcface
53,original,0.9479853,1,arcface
54,original,0.8062269,1,arcface
55,original,0.9719063,1,arcface
56,original,0.9786053,1,arcface
57,original,0.9858833,1,arcface
58,original,0.95597464,1,arcface
59,original,0.9476293,1,arcface
60,original,0.98896134,1,arcface
61,original,0.9769214,1,arcface
62,original,0.94753635,1,arcface
63,original,0.83027494,1,arcface
64,original,0.8504413,1,arcface
65,original,0.9893369,1,arcface
66,original,0.98877454,1,arcface
67,original,0.98264337,1,arcface
68,original,0.9671422,1,arcface
69,original,0.97885525,1,arcface
70,original,0.9680328,1,arcface
71,original,0.9896248,1,arcface
72,original,0.98672473,1,arcface
73,original,0.89680856,1,arcface
74,original,0.85921234,1,arcface
75,original,0.9274843,1,arcface
76,original,0.97974664,1,arcface
77,original,0.9335159,1,arcface
78,original,0.916732,1,arcface
79,original,0.94852364,1,arcface
80,original,0.9847232,1,arcface
81,original,0.93553036,1,arcface
82,original,0.9812922,1,arcface
83,original,0.96982515,1,arcface
84,original,0.9842456,1,arcface
85,original,0.9890624,1,arcface
86,original,0.90816265,1,arcface
87,original,0.9884118,1,arcface
88,original,0.9750708,1,arcface
89,original,0.9158017,1,arcface
90,original,0.97444236,1,arcface
91,original,0.97399,1,arcface
92,original,0.9779468,1,arcface
93,original,0.823153,1,arcface
94,original,0.90662944,1,arcface
95,original,0.96428543,1,arcface
96,original,0.97035915,1,arcface
97,original,0.9411592,1,arcface
98,original,0.9727972,1,arcface
99,original,0.9863704,1,arcface
100,original,0.9431441,1,arcface
101,original,0.95285994,1,arcface
102,original,0.9487955,1,arcface
103,original,0.9702382,1,arcface
104,original,0.9505533,1,arcface
105,original,0.97798085,1,arcface
106,original,0.9771614,1,arcface
107,original,0.9362301,1,arcface
108,original,0.94420654,1,arcface
109,original,0.90286016,1,arcface
110,original,0.93470365,1,arcface
111,original,0.96705633,1,arcface
112,original,0.94769865,1,arcface
113,original,0.9330513,1,arcface
114,original,0.98712087,1,arcface
115,original,0.93493205,1,arcface
116,original,0.86193335,1,arcface
117,original,0.8889123,1,arcface
118,original,0.88885105,1,arcface
119,original,0.8580648,1,arcface
120,original,0.96579105,1,arcface
121,original,0.9744578,1,arcface
122,original,0.9796352,1,arcface
123,original,0.9796476,1,arcface
124,original,0.9742174,1,arcface
125,original,0.97839004,1,arcface
126,original,0.9106924,1,arcface
127,original,0.9751512,1,arcface
128,original,0.9487237,1,arcface
129,original,0.89190936,1,arcface
130,original,0.93762976,1,arcface
131,original,0.8937101,1,arcface
132,original,0.93575716,1,arcface
133,original,0.946076,1,arcface
134,original,0.973892,1,arcface
135,original,0.971563,1,arcface
136,original,0.9685101,1,arcface
137,original,0.8965869,1,arcface
138,original,0.9190159,1,arcface
139,original,0.96442974,1,arcface
140,original,0.9737859,1,arcface
141,original,0.987345,1,arcface
142,original,0.9656799,1,arcface
143,original,0.9737345,1,arcface
144,original,0.95412505,1,arcface
145,original,0.9786078,1,arcface
146,original,0.9684855,1,arcface
147,original,0.93268096,1,arcface
148,original,0.91287714,1,arcface
149,original,0.9821508,1,arcface
150,original,0.9857902,1,arcface
151,original,0.909681,1,arcface
152,original,0.97118396,1,arcface
153,original,0.9424739,1,arcface
154,original,0.92206407,1,arcface
155,original,0.937129,1,arcface
156,original,0.9212519,1,arcface
157,original,0.97546774,1,arcface
158,original,0.9397803,1,arcface
159,original,0.9532918,1,arcface
160,original,0.94587564,1,arcface
161,original,0.9848033,1,arcface
162,original,0.96828574,1,arcface
163,original,0.984246,1,arcface
164,original,0.9903862,1,arcface
165,original,0.9731315,1,arcface
166,original,0.96642435,1,arcface
167,original,0.9796601,1,arcface
168,original,0.94524467,1,arcface
169,original,0.8735142,1,arcface
170,original,0.97738314,1,arcface
171,original,0.95812035,1,arcface
172,original,0.9745505,1,arcface
173,original,0.9886538,1,arcface
174,original,0.9830237,1,arcface
175,original,0.99036485,1,arcface
176,original,0.9884856,1,arcface
177,original,0.98843324,1,arcface
178,original,0.9863901,1,arcface
179,original,0.98070556,1,arcface
180,original,0.9687031,1,arcface
181,original,0.9542564,1,arcface
182,original,0.19430234,1,arcface
183,original,0.2714325,1,arcface
184,original,0.9505388,1,arcface
185,original,0.9772239,1,arcface
186,original,0.9811349,1,arcface
187,original,0.9321608,1,arcface
188,original,0.97745293,1,arcface
189,original,0.9564842,1,arcface
190,original,0.97128934,1,arcface
191,original,0.98527485,1,arcface
192,original,0.97542834,1,arcface
193,original,0.9544136,1,arcface
194,original,0.94773877,1,arcface
195,original,0.9381182,1,arcface
196,original,0.94254714,1,arcface
197,original,0.899338,1,arcface
198,original,0.98003215,1,arcface
199,original,0.991249,1,arcface
200,original,0.9760273,1,arcface
201,original,0.98331517,1,arcface
202,original,0.9614308,1,arcface
203,original,0.9529376,1,arcface
204,original,0.9531752,1,arcface
205,original,0.93200135,1,arcface
206,original,0.98699725,1,arcface
207,original,0.98886764,1,arcface
208,original,0.99029124,1,arcface
209,original,0.9912348,1,arcface
210,original,0.9793868,1,arcface
211,original,0.97106797,1,arcface
212,original,0.9819661,1,arcface
213,original,0.9903824,1,arcface
214,original,0.98616344,1,arcface
215,original,0.9713023,1,arcface
216,original,0.96042275,1,arcface
217,original,0.9900432,1,arcface
218,original,0.957115,1,arcface
219,original,0.9861788,1,arcface
220,original,0.9879146,1,arcface
221,original,0.98496735,1,arcface
222,original,0.9842387,1,arcface
223,original,0.9707917,1,arcface
224,original,0.91714525,1,arcface
225,original,0.9553127,1,arcface
226,original,0.9238067,1,arcface
227,original,0.98291975,1,arcface
228,original,0.97517174,1,arcface
229,original,0.9868919,1,arcface
230,original,0.99046874,1,arcface
231,original,0.9858525,1,arcface
232,original,0.98688513,1,arcface
233,original,0.9239753,1,arcface
234,original,0.98695266,1,arcface
235,original,0.97487795,1,arcface
236,original,0.96974146,1,arcface
237,original,0.9607251,1,arcface
238,original,0.74164927,1,arcface
239,original,0.96783715,1,arcface
240,original,0.94828844,1,arcface
241,original,0.96911824,1,arcface
242,original,0.94845647,1,arcface
243,original,0.9802147,1,arcface
244,original,0.984108,1,arcface
245,original,0.9797003,1,arcface
246,original,0.98116356,1,arcface
247,original,0.8877106,1,arcface
248,original,0.9519689,1,arcface
249,original,0.9837604,1,arcface
250,original,0.96035594,1,arcface
251,original,0.9513818,1,arcface
252,original,0.9593669,1,arcface
253,original,0.97603273,1,arcface
254,original,0.97049683,1,arcface
255,original,0.9197239,1,arcface
256,original,0.9686001,1,arcface
257,original,0.98248416,1,arcface
258,original,0.9727545,1,arcface
259,original,0.97246456,1,arcface
260,original,0.9707784,1,arcface
261,original,0.9727834,1,arcface
262,original,0.95320153,1,arcface
263,original,0.9842372,1,arcface
264,original,0.9858818,1,arcface
265,original,0.98681885,1,arcface
266,original,0.9523402,1,arcface
267,original,0.87032306,1,arcface
268,original,0.93845356,1,arcface
269,original,0.9587691,1,arcface
270,original,0.9900245,1,arcface
271,original,0.98606086,1,arcface
272,original,0.97386336,1,arcface
273,original,0.95508474,1,arcface
274,original,0.9801196,1,arcface
275,original,0.96211946,1,arcface
276,original,0.94407797,1,arcface
277,original,0.92587185,1,arcface
278,original,0.9268452,1,arcface
279,original,0.9809833,1,arcface
280,original,0.9723909,1,arcface
281,original,0.9281087,1,arcface
282,original,0.96599996,1,arcface
283,original,0.88400525,1,arcface
284,original,0.9833843,1,arcface
285,original,0.9782118,1,arcface
286,original,0.9810698,1,arcface
287,original,0.96567774,1,arcface
288,original,0.9797257,1,arcface
289,original,0.7235685,1,arcface
290,original,0.9753674,1,arcface
291,original,0.8297963,1,arcface
292,original,0.9394281,1,arcface
293,original,0.9622805,1,arcface
294,original,0.98965526,1,arcface
295,original,0.972323,1,arcface
296,original,0.9729337,1,arcface
297,original,0.9504326,1,arcface
298,original,0.9718036,1,arcface
299,original,0.9861314,1,arcface
300,original,0.10146508,0,arcface
301,original,0.088909365,0,arcface
302,original,0.062682636,0,arcface
303,original,0.07596159,0,arcface
304,original,-0.044121534,0,arcface
305,original,0.02545293,0,arcface
306,original,-0.016217344,0,arcface
307,original,-0.015308851,0,arcface
308,original,0.033421125,0,arcface
309,original,0.043124165,0,arcface
310,original,0.018791651,0,arcface
311,original,0.022359159,0,arcface
312,original,0.044042572,0,arcface
313,original,0.021346377,0,arcface
314,original,0.09911976,0,arcface
315,original,0.08825054,0,arcface
316,original,0.09706669,0,arcface
317,original,0.058296945,0,arcface
318,original,-0.0019700218,0,arcface
319,original,-0.024100346,0,arcface
320,original,0.9837077,0,arcface
321,original,0.97352076,0,arcface
322,original,0.95318544,0,arcface
323,original,0.96020067,0,arcface
324,original,0.9291548,0,arcface
325,original,0.923923,0,arcface
326,original,0.9865731,0,arcface
327,original,0.81038624,0,arcface
328,original,0.97110283,0,arcface
329,original,0.94110394,0,arcface
330,original,0.9619928,0,arcface
331,original,0.95279974,0,arcface
332,original,0.9436356,0,arcface
333,original,0.96039516,0,arcface
334,original,0.99079514,0,arcface
335,original,0.9760148,0,arcface
336,original,0.9772708,0,arcface
337,original,0.9623176,0,arcface
338,original,0.66988343,0,arcface
339,original,0.6807869,0,arcface
340,original,0.7020443,0,arcface
341,original,0.97926396,0,arcface
342,original,0.9817943,0,arcface
343,original,0.9257699,0,arcface
344,original,0.9737433,0,arcface
345,original,0.89725107,0,arcface
346,original,0.9459628,0,arcface
347,original,0.96009284,0,arcface
348,original,0.98270506,0,arcface
349,original,0.7156007,0,arcface
350,original,0.8900212,0,arcface
351,original,0.92364013,0,arcface
352,original,0.96473837,0,arcface
353,original,0.94821316,0,arcface
354,original,0.9296559,0,arcface
355,original,0.98529166,0,arcface
356,original,0.7136581,0,arcface
357,original,0.95226955,0,arcface
358,original,0.8343984,0,arcface
359,original,0.96586716,0,arcface
360,original,0.9803332,0,arcface
361,original,0.9746111,0,arcface
362,original,0.9276133,0,arcface
363,original,0.9001789,0,arcface
364,original,0.9793415,0,arcface
365,original,0.9750427,0,arcface
366,original,0.97582424,0,arcface
367,original,0.92144436,0,arcface
368,original,0.97320557,0,arcface
369,original,0.9766105,0,arcface
370,original,0.97617906,0,arcface
371,original,0.94184315,0,arcface
372,original,0.9267926,0,arcface
373,original,0.96807927,0,arcface
374,original,0.9644217,0,arcface
375,original,0.95961976,0,arcface
376,original,0.9259189,0,arcface
377,original,0.9661002,0,arcface
378,original,0.9257404,0,arcface
379,original,0.9550511,0,arcface
380,original,0.91377455,0,arcface
381,original,0.97146684,0,arcface
382,original,0.96060777,0,arcface
383,original,0.9154736,0,arcface
384,original,0.9674819,0,arcface
385,original,0.9708437,0,arcface
386,original,0.9559846,0,arcface
387,original,0.9906406,0,arcface
388,original,0.9737675,0,arcface
389,original,0.96983296,0,arcface
390,original,0.9573391,0,arcface
391,original,0.81968266,0,arcface
392,original,0.8608435,0,arcface
393,original,0.9837353,0,arcface
394,original,0.96203804,0,arcface
395,original,0.9842165,0,arcface
396,original,0.97756034,0,arcface
397,original,0.97853184,0,arcface
398,original,0.86418915,0,arcface
399,original,0.9622064,0,arcface
400,original,0.9721952,0,arcface
401,original,0.9793001,0,arcface
402,original,0.9768644,0,arcface
403,original,0.9755803,0,arcface
404,original,0.90689886,0,arcface
405,original,0.77417284,0,arcface
406,original,0.9239815,0,arcface
407,original,0.9814218,0,arcface
408,original,0.9667286,0,arcface
409,original,0.9836489,0,arcface
410,original,0.9579985,0,arcface
411,original,0.963742,0,arcface
412,original,0.95369965,0,arcface
413,original,0.977325,0,arcface
414,original,0.91904724,0,arcface
415,original,0.92345846,0,arcface
416,original,0.9731267,0,arcface
417,original,0.9818149,0,arcface
418,original,0.98303306,0,arcface
419,original,0.94050175,0,arcface
420,original,0.92253315,0,arcface
421,original,0.97917664,0,arcface
422,original,0.9315878,0,arcface
423,original,0.87282187,0,arcface
424,original,0.97066236,0,arcface
425,original,0.9656712,0,arcface
426,original,0.9734521,0,arcface
427,original,0.910667,0,arcface
428,original,0.936157,0,arcface
429,original,0.76243013,0,arcface
430,original,0.92835003,0,arcface
431,original,0.92461425,0,arcface
432,original,0.9388655,0,arcface
433,original,0.93713903,0,arcface
434,original,0.9803043,0,arcface
435,original,0.9461788,0,arcface
436,original,0.9831711,0,arcface
437,original,0.9843246,0,arcface
438,original,0.9272346,0,arcface
439,original,0.93681496,0,arcface
440,original,0.9608239,0,arcface
441,original,0.96811205,0,arcface
442,original,0.9809813,0,arcface
443,original,0.94215703,0,arcface
444,original,0.9804886,0,arcface
445,original,0.9791021,0,arcface
446,original,0.91321725,0,arcface
447,original,0.9138392,0,arcface
448,original,0.8364469,0,arcface
449,original,0.9355451,0,arcface
450,original,0.9477355,0,arcface
451,original,0.98123264,0,arcface
452,original,0.91978663,0,arcface
453,original,0.9731304,0,arcface
454,original,0.9220595,0,arcface
455,original,0.96071935,0,arcface
456,original,0.9686175,0,arcface
457,original,0.9613903,0,arcface
458,original,0.97781473,0,arcface
459,original,0.9459694,0,arcface
460,original,0.9781083,0,arcface
461,original,0.9156218,0,arcface
462,original,0.92659223,0,arcface
463,original,0.7811861,0,arcface
464,original,0.98447454,0,arcface
465,original,0.95653355,0,arcface
466,original,0.9629818,0,arcface
467,original,0.9684429,0,arcface
468,original,0.9692547,0,arcface
469,original,0.9603625,0,arcface
470,original,0.9500616,0,arcface
471,original,0.95461637,0,arcface
472,original,0.9516648,0,arcface
473,original,0.97757894,0,arcface
474,original,0.9705486,0,arcface
475,original,0.9667782,0,arcface
476,original,0.9142987,0,arcface
477,original,0.9836069,0,arcface
478,original,0.96445715,0,arcface
479,original,0.96968776,0,arcface
480,original,0.94138074,0,arcface
481,original,0.97875226,0,arcface
482,original,0.95150566,0,arcface
483,original,0.96153194,0,arcface
484,original,0.9652231,0,arcface
485,original,0.9623057,0,arcface
486,original,0.8312932,0,arcface
487,original,0.88854456,0,arcface
488,original,0.9259748,0,arcface
489,original,0.9646853,0,arcface
490,original,0.9854356,0,arcface
491,original,0.98250026,0,arcface
492,original,0.9684384,0,arcface
493,original,0.97171324,0,arcface
494,original,0.92273587,0,arcface
495,original,0.9040039,0,arcface
496,original,0.87551504,0,arcface
497,original,0.96797144,0,arcface
498,original,0.9815508,0,arcface
499,original,0.95588136,0,arcface
500,original,0.93984663,0,arcface
501,original,0.9639531,0,arcface
502,original,0.96663445,0,arcface
503,original,0.9791082,0,arcface
504,original,0.87977046,0,arcface
505,original,0.9694775,0,arcface
506,original,0.96067417,0,arcface
507,original,0.9619807,0,arcface
508,original,0.8479918,0,arcface
509,original,0.9640191,0,arcface
510,original,0.9706465,0,arcface
511,original,0.85813653,0,arcface
512,original,0.94144833,0,arcface
513,original,0.8983909,0,arcface
514,original,0.9676955,0,arcface
515,original,0.9715653,0,arcface
516,original,0.97081006,0,arcface
517,original,0.9627228,0,arcface
518,original,0.90855825,0,arcface
519,original,0.9794541,0,arcface
520,original,0.926345,0,arcface
521,original,0.9452035,0,arcface
522,original,0.9708194,0,arcface
523,original,0.84538853,0,arcface
524,original,0.96880424,0,arcface
525,original,0.964925,0,arcface
526,original,0.9765206,0,arcface
527,original,0.983359,0,arcface
528,original,0.9773221,0,arcface
529,original,0.98213726,0,arcface
530,original,0.94773066,0,arcface
531,original,0.97504777,0,arcface
532,original,0.9785929,0,arcface
533,original,0.82935673,0,arcface
534,original,0.9781316,0,arcface
535,original,0.96863127,0,arcface
536,original,0.90487057,0,arcface
537,original,0.9749391,0,arcface
538,original,0.9220437,0,arcface
539,original,0.986052,0,arcface
540,original,0.98517215,0,arcface
541,original,0.9765379,0,arcface
542,original,0.9267356,0,arcface
543,original,0.9560646,0,arcface
544,original,0.8687212,0,arcface
545,original,0.96065426,0,arcface
546,original,0.87480694,0,arcface
547,original,0.793364,0,arcface
548,original,0.650396,0,arcface
549,original,0.94960165,0,arcface
550,original,0.9023376,0,arcface
551,original,0.97086036,0,arcface
552,original,0.9248324,0,arcface
553,original,0.9381112,0,arcface
554,original,0.97476286,0,arcface
555,original,0.9639315,0,arcface
556,original,0.9434151,0,arcface
557,original,0.9722252,0,arcface
558,original,0.9883867,0,arcface
559,original,0.94646245,0,arcface
560,original,0.97540116,0,arcface
561,original,0.91797704,0,arcface
562,original,0.9769036,0,arcface
563,original,0.9797509,0,arcface
564,original,0.94238853,0,arcface
565,original,0.9051099,0,arcface
566,original,0.9602163,0,arcface
567,original,0.9283742,0,arcface
568,original,0.97409093,0,arcface
569,original,0.9671227,0,arcface
570,original,0.9477423,0,arcface
571,original,0.9729063,0,arcface
572,original,0.95279664,0,arcface
573,original,0.91687167,0,arcface
574,original,0.97173774,0,arcface
575,original,0.96526825,0,arcface
576,original,0.9796685,0,arcface
577,original,0.96167123,0,arcface
578,original,0.9766956,0,arcface
579,original,0.9820499,0,arcface
580,original,0.97184265,0,arcface
581,original,0.9656396,0,arcface
582,original,0.93020076,0,arcface
583,original,0.85886407,0,arcface
584,original,0.8653125,0,arcface
585,original,0.9886575,0,arcface
586,original,0.8833313,0,arcface
587,original,0.92708504,0,arcface
588,original,0.97857857,0,arcface
589,original,0.8880445,0,arcface
590,original,0.9759793,0,arcface
591,original,0.9694067,0,arcface
592,original,0.9514884,0,arcface
593,original,0.8270253,0,arcface
594,original,0.8333953,0,arcface
595,original,0.95993584,0,arcface
596,original,0.9745492,0,arcface
597,original,0.9477542,0,arcface
598,original,0.93787706,0,arcface
599,original,0.9750837,0,arcface
0,blur,0.97325,1,arcface
1,blur,0.98833805,1,arcface
2,blur,0.9821869,1,arcface
3,blur,0.98216647,1,arcface
4,blur,0.98815227,1,arcface
5,blur,0.98451966,1,arcface
6,blur,0.9559955,1,arcface
7,blur,0.9511615,1,arcface
8,blur,0.9329731,1,arcface
9,blur,0.9715969,1,arcface
10,blur,0.9873734,1,arcface
11,blur,0.9269658,1,arcface
12,blur,0.98733747,1,arcface
13,blur,0.98782456,1,arcface
14,blur,0.9700168,1,arcface
15,blur,0.9673838,1,arcface
16,blur,0.9835311,1,arcface
17,blur,0.95387226,1,arcface
18,blur,0.9730376,1,arcface
19,blur,0.8538171,1,arcface
20,blur,0.9918129,1,arcface
21,blur,0.9883986,1,arcface
22,blur,0.97822726,1,arcface
23,blur,0.991091,1,arcface
24,blur,0.9052148,1,arcface
25,blur,0.9868115,1,arcface
26,blur,0.96829104,1,arcface
27,blur,0.97240776,1,arcface
28,blur,0.9770058,1,arcface
29,blur,0.98285234,1,arcface
30,blur,0.95845854,1,arcface
31,blur,0.98207676,1,arcface
32,blur,0.98470706,1,arcface
33,blur,0.97360045,1,arcface
34,blur,0.9858523,1,arcface
35,blur,0.9751088,1,arcface
36,blur,0.96092784,1,arcface
37,blur,0.9917965,1,arcface
38,blur,0.98752165,1,arcface
39,blur,0.9842936,1,arcface
40,blur,0.9768889,1,arcface
41,blur,0.9854221,1,arcface
42,blur,0.9545771,1,arcface
43,blur,0.9881287,1,arcface
44,blur,0.9738005,1,arcface
45,blur,0.9808355,1,arcface
46,blur,0.93846333,1,arcface
47,blur,0.99382806,1,arcface
48,blur,0.96917284,1,arcface
49,blur,0.9222062,1,arcface
50,blur,0.9754114,1,arcface
51,blur,0.9692032,1,arcface
52,blur,0.9712494,1,arcface
53,blur,0.96941304,1,arcface
54,blur,0.8797993,1,arcface
55,blur,0.97536314,1,arcface
56,blur,0.9850363,1,arcface
57,blur,0.9889821,1,arcface
58,blur,0.9589905,1,arcface
59,blur,0.954986,1,arcface
60,blur,0.9912598,1,arcface
61,blur,0.9871716,1,arcface
62,blur,0.97220564,1,arcface
63,blur,0.92159694,1,arcface
64,blur,0.92313296,1,arcface
65,blur,0.99253297,1,arcface
66,blur,0.9905775,1,arcface
67,blur,0.9828048,1,arcface
68,blur,0.9754706,1,arcface
69,blur,0.9858457,1,arcface
70,blur,0.9842422,1,arcface
71,blur,0.9940024,1,arcface
72,blur,0.9900554,1,arcface
73,blur,0.9269762,1,arcface
74,blur,0.90678257,1,arcface
75,blur,0.9493124,1,arcface
76,blur,0.98236877,1,arcface
77,blur,0.9667394,1,arcface
78,blur,0.9569039,1,arcface
79,blur,0.97743744,1,arcface
80,blur,0.9882054,1,arcface
81,blur,0.973698,1,arcface
82,blur,0.9855711,1,arcface
83,blur,0.97548205,1,arcface
84,blur,0.98649114,1,arcface
85,blur,0.99096507,1,arcface
86,blur,0.9554572,1,arcface
87,blur,0.9904389,1,arcface
88,blur,0.97844005,1,arcface
89,blur,0.9568753,1,arcface
90,blur,0.98266643,1,arcface
91,blur,0.97764283,1,arcface
92,blur,0.982554,1,arcface
93,blur,0.91114074,1,arcface
94,blur,0.9587813,1,arcface
95,blur,0.9748559,1,arcface
96,blur,0.9699914,1,arcface
97,blur,0.96402216,1,arcface
98,blur,0.9766322,1,arcface
99,blur,0.9906314,1,arcface
100,blur,0.9690909,1,arcface
101,blur,0.9725453,1,arcface
102,blur,0.96516687,1,arcface
103,blur,0.9829395,1,arcface
104,blur,0.9714274,1,arcface
105,blur,0.9858645,1,arcface
106,blur,0.98260266,1,arcface
107,blur,0.9668722,1,arcface
108,blur,0.9715246,1,arcface
109,blur,0.947539,1,arcface
110,blur,0.96789026,1,arcface
111,blur,0.98542804,1,arcface
112,blur,0.96724075,1,arcface
113,blur,0.9435388,1,arcface
114,blur,0.98877126,1,arcface
115,blur,0.9522306,1,arcface
116,blur,0.908549,1,arcface
117,blur,0.90192914,1,arcface
118,blur,0.92774904,1,arcface
119,blur,0.8894087,1,arcface
120,blur,0.9734,1,arcface
121,blur,0.97257763,1,arcface
122,blur,0.9856873,1,arcface
123,blur,0.98561937,1,arcface
124,blur,0.98570985,1,arcface
125,blur,0.9863583,1,arcface
126,blur,0.9530141,1,arcface
127,blur,0.98291755,1,arcface
128,blur,0.9655763,1,arcface
129,blur,0.91472083,1,arcface
130,blur,0.9607982,1,arcface
131,blur,0.9491139,1,arcface
132,blur,0.9585797,1,arcface
133,blur,0.97440267,1,arcface
134,blur,0.9816793,1,arcface
135,blur,0.98021764,1,arcface
136,blur,0.9780774,1,arcface
137,blur,0.9078029,1,arcface
138,blur,0.9305962,1,arcface
139,blur,0.97763896,1,arcface
140,blur,0.9903339,1,arcface
141,blur,0.9906679,1,arcface
142,blur,0.9805145,1,arcface
143,blur,0.98038626,1,arcface
144,blur,0.96192235,1,arcface
145,blur,0.98355794,1,arcface
146,blur,0.97814494,1,arcface
147,blur,0.9680696,1,arcface
148,blur,0.9389792,1,arcface
149,blur,0.9870007,1,arcface
150,blur,0.98993057,1,arcface
151,blur,0.93253726,1,arcface
152,blur,0.9802885,1,arcface
153,blur,0.9524449,1,arcface
154,blur,0.9418899,1,arcface
155,blur,0.95268315,1,arcface
156,blur,0.9599727,1,arcface
157,blur,0.9876035,1,arcface
158,blur,0.9444368,1,arcface
159,blur,0.967526,1,arcface
160,blur,0.9460662,1,arcface
161,blur,0.99211943,1,arcface
162,blur,0.9752494,1,arcface
163,blur,0.9819404,1,arcface
164,blur,0.9934958,1,arcface
165,blur,0.98347723,1,arcface
166,blur,0.9798583,1,arcface
167,blur,0.986592,1,arcface
168,blur,0.9683452,1,arcface
169,blur,0.96215427,1,arcface
170,blur,0.9851407,1,arcface
171,blur,0.9718946,1,arcface
172,blur,0.98060685,1,arcface
173,blur,0.99177235,1,arcface
174,blur,0.9876094,1,arcface
175,blur,0.99334455,1,arcface
176,blur,0.9904493,1,arcface
177,blur,0.99187845,1,arcface
178,blur,0.99180144,1,arcface
179,blur,0.9886023,1,arcface
180,blur,0.9760606,1,arcface
181,blur,0.9779454,1,arcface
182,blur,0.28138167,1,arcface
183,blur,0.3257002,1,arcface
184,blur,0.96432054,1,arcface
185,blur,0.9806832,1,arcface
186,blur,0.9875973,1,arcface
187,blur,0.9702849,1,arcface
188,blur,0.9864817,1,arcface
189,blur,0.9726491,1,arcface
190,blur,0.9766966,1,arcface
191,blur,0.985934,1,arcface
192,blur,0.980614,1,arcface
193,blur,0.9813035,1,arcface
194,blur,0.9735535,1,arcface
195,blur,0.95846134,1,arcface
196,blur,0.97049737,1,arcface
197,blur,0.9354143,1,arcface
198,blur,0.98652625,1,arcface
199,blur,0.99265575,1,arcface
200,blur,0.9844391,1,arcface
201,blur,0.9843839,1,arcface
202,blur,0.9851704,1,arcface
203,blur,0.9645893,1,arcface
204,blur,0.974368,1,arcface
205,blur,0.9471478,1,arcface
206,blur,0.9903913,1,arcface
207,blur,0.9899124,1,arcface
208,blur,0.99088347,1,arcface
209,blur,0.99287504,1,arcface
210,blur,0.98907256,1,arcface
211,blur,0.9816325,1,arcface
212,blur,0.98739296,1,arcface
213,blur,0.9923654,1,arcface
214,blur,0.9871903,1,arcface
215,blur,0.97950685,1,arcface
216,blur,0.9750723,1,arcface
217,blur,0.9917147,1,arcface
218,blur,0.9780794,1,arcface
219,blur,0.9899808,1,arcface
220,blur,0.9927819,1,arcface
221,blur,0.9863567,1,arcface
222,blur,0.9891734,1,arcface
223,blur,0.98152804,1,arcface
224,blur,0.9486902,1,arcface
225,blur,0.9674051,1,arcface
226,blur,0.95484895,1,arcface
227,blur,0.983042,1,arcface
228,blur,0.9778088,1,arcface
229,blur,0.99041575,1,arcface
230,blur,0.99353,1,arcface
231,blur,0.98828906,1,arcface
232,blur,0.989104,1,arcface
233,blur,0.9483055,1,arcface
234,blur,0.98626924,1,arcface
235,blur,0.98857707,1,arcface
236,blur,0.97765005,1,arcface
237,blur,0.97563684,1,arcface
238,blur,0.8665732,1,arcface
239,blur,0.9779775,1,arcface
240,blur,0.9588638,1,arcface
241,blur,0.974472,1,arcface
242,blur,0.9630443,1,arcface
243,blur,0.98284715,1,arcface
244,blur,0.98775727,1,arcface
245,blur,0.9840947,1,arcface
246,blur,0.98868525,1,arcface
247,blur,0.9375055,1,arcface
248,blur,0.96976924,1,arcface
249,blur,0.98792267,1,arcface
250,blur,0.9735653,1,arcface
251,blur,0.9735056,1,arcface
252,blur,0.97273475,1,arcface
253,blur,0.9822166,1,arcface
254,blur,0.9808523,1,arcface
255,blur,0.957309,1,arcface
256,blur,0.9703413,1,arcface
257,blur,0.9870324,1,arcface
258,blur,0.98241305,1,arcface
259,blur,0.97801954,1,arcface
260,blur,0.9879698,1,arcface
261,blur,0.9851987,1,arcface
262,blur,0.96995455,1,arcface
263,blur,0.9872671,1,arcface
264,blur,0.9880563,1,arcface
265,blur,0.9894601,1,arcface
266,blur,0.9751623,1,arcface
267,blur,0.932558,1,arcface
268,blur,0.96003646,1,arcface
269,blur,0.98146164,1,arcface
270,blur,0.9931212,1,arcface
271,blur,0.98977494,1,arcface
272,blur,0.9833339,1,arcface
273,blur,0.97582287,1,arcface
274,blur,0.98644245,1,arcface
275,blur,0.9748659,1,arcface
276,blur,0.96560854,1,arcface
277,blur,0.9339275,1,arcface
278,blur,0.9510973,1,arcface
279,blur,0.98685914,1,arcface
280,blur,0.98352313,1,arcface
281,blur,0.95247525,1,arcface
282,blur,0.9766189,1,arcface
283,blur,0.92527765,1,arcface
284,blur,0.9874078,1,arcface
285,blur,0.98362464,1,arcface
286,blur,0.9893162,1,arcface
287,blur,0.9792914,1,arcface
288,blur,0.9849982,1,arcface
289,blur,0.87177956,1,arcface
290,blur,0.98250777,1,arcface
291,blur,0.8931782,1,arcface
292,blur,0.968187,1,arcface
293,blur,0.9784703,1,arcface
294,blur,0.9936257,1,arcface
295,blur,0.9760614,1,arcface
296,blur,0.9818808,1,arcface
297,blur,0.9664516,1,arcface
298,blur,0.97437274,1,arcface
299,blur,0.9889728,1,arcface
300,blur,0.97720647,0,arcface
301,blur,0.97736603,0,arcface
302,blur,0.9655654,0,arcface
303,blur,0.97795796,0,arcface
304,blur,0.9863647,0,arcface
305,blur,0.96034336,0,arcface
306,blur,0.89034885,0,arcface
307,blur,0.9732337,0,arcface
308,blur,0.9817865,0,arcface
309,blur,0.9685603,0,arcface
310,blur,0.96929884,0,arcface
311,blur,0.97536695,0,arcface
312,blur,0.97773653,0,arcface
313,blur,0.9794082,0,arcface
314,blur,0.98733187,0,arcface
315,blur,0.97413456,0,arcface
316,blur,0.9847352,0,arcface
317,blur,0.9132829,0,arcface
318,blur,0.9710378,0,arcface
319,blur,0.98277557,0,arcface
320,blur,0.98737985,0,arcface
321,blur,0.9777883,0,arcface
322,blur,0.96518964,0,arcface
323,blur,0.9705198,0,arcface
324,blur,0.9653233,0,arcface
325,blur,0.9391395,0,arcface
326,blur,0.98987824,0,arcface
327,blur,0.85765946,0,arcface
328,blur,0.97958124,0,arcface
329,blur,0.9643086,0,arcface
330,blur,0.9779577,0,arcface
331,blur,0.9681352,0,arcface
332,blur,0.96389544,0,arcface
333,blur,0.97625095,0,arcface
334,blur,0.99287164,0,arcface
335,blur,0.9802817,0,arcface
336,blur,0.9826358,0,arcface
337,blur,0.9693932,0,arcface
338,blur,0.7703249,0,arcface
339,blur,0.77354336,0,arcface
340,blur,0.7930079,0,arcface
341,blur,0.98679763,0,arcface
342,blur,0.9868852,0,arcface
343,blur,0.9559011,0,arcface
344,blur,0.9793704,0,arcface
345,blur,0.9200356,0,arcface
346,blur,0.96170074,0,arcface
347,blur,0.97439617,0,arcface
348,blur,0.987713,0,arcface
349,blur,0.85536456,0,arcface
350,blur,0.9147786,0,arcface
351,blur,0.9541913,0,arcface
352,blur,0.9733015,0,arcface
353,blur,0.9783152,0,arcface
354,blur,0.96043825,0,arcface
355,blur,0.9906874,0,arcface
356,blur,0.8771612,0,arcface
357,blur,0.96411055,0,arcface
358,blur,0.94225824,0,arcface
359,blur,0.9705252,0,arcface
360,blur,0.9862117,0,arcface
361,blur,0.9854694,0,arcface
362,blur,0.9474145,0,arcface
363,blur,0.93597525,0,arcface
364,blur,0.9877954,0,arcface
365,blur,0.980387,0,arcface
366,blur,0.9822014,0,arcface
367,blur,0.95651305,0,arcface
368,blur,0.98206383,0,arcface
369,blur,0.98510045,0,arcface
370,blur,0.9825609,0,arcface
371,blur,0.9596143,0,arcface
372,blur,0.95976454,0,arcface
373,blur,0.9711162,0,arcface
374,blur,0.969686,0,arcface
375,blur,0.96761656,0,arcface
376,blur,0.9545976,0,arcface
377,blur,0.9827607,0,arcface
378,blur,0.9478198,0,arcface
379,blur,0.96113986,0,arcface
380,blur,0.96203154,0,arcface
381,blur,0.9717542,0,arcface
382,blur,0.9664371,0,arcface
383,blur,0.95089465,0,arcface
384,blur,0.97226125,0,arcface
385,blur,0.98718894,0,arcface
386,blur,0.97864854,0,arcface
387,blur,0.9918036,0,arcface
388,blur,0.98361385,0,arcface
389,blur,0.9797697,0,arcface
390,blur,0.9752219,0,arcface
391,blur,0.89908314,0,arcface
392,blur,0.91971403,0,arcface
393,blur,0.98841625,0,arcface
394,blur,0.9751968,0,arcface
395,blur,0.98974335,0,arcface
396,blur,0.9863652,0,arcface
397,blur,0.98508734,0,arcface
398,blur,0.8497861,0,arcface
399,blur,0.97861516,0,arcface
400,blur,0.9808815,0,arcface
401,blur,0.98485416,0,arcface
402,blur,0.9816526,0,arcface
403,blur,0.98373723,0,arcface
404,blur,0.9436887,0,arcface
405,blur,0.9303358,0,arcface
406,blur,0.94787973,0,arcface
407,blur,0.98361063,0,arcface
408,blur,0.9732874,0,arcface
409,blur,0.9885509,0,arcface
410,blur,0.9696868,0,arcface
411,blur,0.9831082,0,arcface
412,blur,0.9689322,0,arcface
413,blur,0.9836541,0,arcface
414,blur,0.95607775,0,arcface
415,blur,0.94782925,0,arcface
416,blur,0.9838404,0,arcface
417,blur,0.9850386,0,arcface
418,blur,0.98369974,0,arcface
419,blur,0.9649997,0,arcface
420,blur,0.95422935,0,arcface
421,blur,0.98695457,0,arcface
422,blur,0.9577634,0,arcface
423,blur,0.89533544,0,arcface
424,blur,0.97849405,0,arcface
425,blur,0.9757783,0,arcface
426,blur,0.9799347,0,arcface
427,blur,0.9220154,0,arcface
428,blur,0.95421743,0,arcface
429,blur,0.9155586,0,arcface
430,blur,0.94980437,0,arcface
431,blur,0.9469078,0,arcface
432,blur,0.97044253,0,arcface
433,blur,0.9452758,0,arcface
434,blur,0.9859547,0,arcface
435,blur,0.97352445,0,arcface
436,blur,0.98492545,0,arcface
437,blur,0.9889834,0,arcface
438,blur,0.9585521,0,arcface
439,blur,0.9644622,0,arcface
440,blur,0.9711246,0,arcface
441,blur,0.9738285,0,arcface
442,blur,0.9845733,0,arcface
443,blur,0.9695266,0,arcface
444,blur,0.9841487,0,arcface
445,blur,0.98156047,0,arcface
446,blur,0.9467227,0,arcface
447,blur,0.9462627,0,arcface
448,blur,0.9186153,0,arcface
449,blur,0.948554,0,arcface
450,blur,0.96338916,0,arcface
451,blur,0.9856727,0,arcface
452,blur,0.95265144,0,arcface
453,blur,0.97892606,0,arcface
454,blur,0.9650846,0,arcface
455,blur,0.9702098,0,arcface
456,blur,0.9745411,0,arcface
457,blur,0.9778918,0,arcface
458,blur,0.9841954,0,arcface
459,blur,0.96825135,0,arcface
460,blur,0.98473656,0,arcface
461,blur,0.95183617,0,arcface
462,blur,0.9574402,0,arcface
463,blur,0.8916452,0,arcface
464,blur,0.9876623,0,arcface
465,blur,0.97320336,0,arcface
466,blur,0.98019016,0,arcface
467,blur,0.98136055,0,arcface
468,blur,0.97619045,0,arcface
469,blur,0.9736919,0,arcface
470,blur,0.96044636,0,arcface
471,blur,0.97044325,0,arcface
472,blur,0.9660412,0,arcface
473,blur,0.9849289,0,arcface
474,blur,0.978594,0,arcface
475,blur,0.9796838,0,arcface
476,blur,0.9431739,0,arcface
477,blur,0.9888436,0,arcface
478,blur,0.9716067,0,arcface
479,blur,0.9793762,0,arcface
480,blur,0.96392876,0,arcface
481,blur,0.98236793,0,arcface
482,blur,0.96283853,0,arcface
483,blur,0.9787239,0,arcface
484,blur,0.9731029,0,arcface
485,blur,0.9759438,0,arcface
486,blur,0.8933106,0,arcface
487,blur,0.941041,0,arcface
488,blur,0.9578784,0,arcface
489,blur,0.9767514,0,arcface
490,blur,0.9883191,0,arcface
491,blur,0.9883169,0,arcface
492,blur,0.97640234,0,arcface
493,blur,0.9766324,0,arcface
494,blur,0.95312816,0,arcface
495,blur,0.9389501,0,arcface
496,blur,0.9240437,0,arcface
497,blur,0.9769694,0,arcface
498,blur,0.9841288,0,arcface
499,blur,0.9736397,0,arcface
500,blur,0.97188425,0,arcface
501,blur,0.9780422,0,arcface
502,blur,0.98040783,0,arcface
503,blur,0.988327,0,arcface
504,blur,0.93293893,0,arcface
505,blur,0.9755563,0,arcface
506,blur,0.9702696,0,arcface
507,blur,0.9775872,0,arcface
508,blur,0.9479389,0,arcface
509,blur,0.97233564,0,arcface
510,blur,0.9807323,0,arcface
511,blur,0.9221353,0,arcface
512,blur,0.96676093,0,arcface
513,blur,0.9289585,0,arcface
514,blur,0.976054,0,arcface
515,blur,0.98169965,0,arcface
516,blur,0.97339624,0,arcface
517,blur,0.9726531,0,arcface
518,blur,0.95721763,0,arcface
519,blur,0.9868398,0,arcface
520,blur,0.9614832,0,arcface
521,blur,0.96561676,0,arcface
522,blur,0.9792877,0,arcface
523,blur,0.94561905,0,arcface
524,blur,0.97993106,0,arcface
525,blur,0.9739444,0,arcface
526,blur,0.9866494,0,arcface
527,blur,0.9878522,0,arcface
528,blur,0.98656064,0,arcface
529,blur,0.98492825,0,arcface
530,blur,0.9794984,0,arcface
531,blur,0.9848291,0,arcface
532,blur,0.9839075,0,arcface
533,blur,0.9465147,0,arcface
534,blur,0.9853894,0,arcface
535,blur,0.98036486,0,arcface
536,blur,0.9335158,0,arcface
537,blur,0.9720487,0,arcface
538,blur,0.957498,0,arcface
539,blur,0.99064696,0,arcface
540,blur,0.99046504,0,arcface
541,blur,0.980982,0,arcface
542,blur,0.94609433,0,arcface
543,blur,0.9712751,0,arcface
544,blur,0.90079254,0,arcface
545,blur,0.97132266,0,arcface
546,blur,0.9309875,0,arcface
547,blur,0.9044266,0,arcface
548,blur,0.83220816,0,arcface
549,blur,0.97298306,0,arcface
550,blur,0.947826,0,arcface
551,blur,0.9786985,0,arcface
552,blur,0.95535976,0,arcface
553,blur,0.95883197,0,arcface
554,blur,0.9809493,0,arcface
555,blur,0.9729001,0,arcface
556,blur,0.9735678,0,arcface
557,blur,0.9856772,0,arcface
558,blur,0.9917835,0,arcface
559,blur,0.97626376,0,arcface
560,blur,0.9826362,0,arcface
561,blur,0.96199036,0,arcface
562,blur,0.9864023,0,arcface
563,blur,0.9846675,0,arcface
564,blur,0.96230114,0,arcface
565,blur,0.9499757,0,arcface
566,blur,0.97816545,0,arcface
567,blur,0.96831214,0,arcface
568,blur,0.9847156,0,arcface
569,blur,0.973203,0,arcface
570,blur,0.96954185,0,arcface
571,blur,0.98076034,0,arcface
572,blur,0.97285664,0,arcface
573,blur,0.9435945,0,arcface
574,blur,0.9833753,0,arcface
575,blur,0.96934676,0,arcface
576,blur,0.9845687,0,arcface
577,blur,0.9747435,0,arcface
578,blur,0.98180467,0,arcface
579,blur,0.985588,0,arcface
580,blur,0.980939,0,arcface
581,blur,0.97220606,0,arcface
582,blur,0.96823055,0,arcface
583,blur,0.85233855,0,arcface
584,blur,0.92559236,0,arcface
585,blur,0.98897153,0,arcface
586,blur,0.9176967,0,arcface
587,blur,0.95990014,0,arcface
588,blur,0.9840209,0,arcface
589,blur,0.929539,0,arcface
590,blur,0.980427,0,arcface
591,blur,0.9797059,0,arcface
592,blur,0.9665686,0,arcface
593,blur,0.8838303,0,arcface
594,blur,0.8814579,0,arcface
595,blur,0.9804237,0,arcface
596,blur,0.9833556,0,arcface
597,blur,0.95976937,0,arcface
598,blur,0.97408044,0,arcface
599,blur,0.98482305,0,arcface
0,brightness,0.96559644,1,arcface
1,brightness,0.9859295,1,arcface
2,brightness,0.9738959,1,arcface
3,brightness,0.97553575,1,arcface
4,brightness,0.987122,1,arcface
5,brightness,0.98142695,1,arcface
6,brightness,0.9485797,1,arcface
7,brightness,0.91400373,1,arcface
8,brightness,0.82184654,1,arcface
9,brightness,0.95318294,1,arcface
10,brightness,0.98077226,1,arcface
11,brightness,0.85811687,1,arcface
12,brightness,0.97047234,1,arcface
13,brightness,0.98501873,1,arcface
14,brightness,0.9604907,1,arcface
15,brightness,0.95912826,1,arcface
16,brightness,0.9803677,1,arcface
17,brightness,0.8988321,1,arcface
18,brightness,0.91871566,1,arcface
19,brightness,0.6763185,1,arcface
20,brightness,0.9846241,1,arcface
21,brightness,0.98411846,1,arcface
22,brightness,0.9671862,1,arcface
23,brightness,0.98984635,1,arcface
24,brightness,0.81633073,1,arcface
25,brightness,0.98234123,1,arcface
26,brightness,0.9640741,1,arcface
27,brightness,0.9598522,1,arcface
28,brightness,0.95973027,1,arcface
29,brightness,0.94934577,1,arcface
30,brightness,0.9362606,1,arcface
31,brightness,0.9777169,1,arcface
32,brightness,0.9778524,1,arcface
33,brightness,0.9677953,1,arcface
34,brightness,0.9827046,1,arcface
35,brightness,0.9667128,1,arcface
36,brightness,0.9118843,1,arcface
37,brightness,0.9869679,1,arcface
38,brightness,0.9820834,1,arcface
39,brightness,0.9784407,1,arcface
40,brightness,0.94874793,1,arcface
41,brightness,0.9763445,1,arcface
42,brightness,0.9310636,1,arcface
43,brightness,0.9859176,1,arcface
44,brightness,0.9317028,1,arcface
45,brightness,0.9653131,1,arcface
46,brightness,0.89621645,1,arcface
47,brightness,0.98867154,1,arcface
48,brightness,0.94715154,1,arcface
49,brightness,0.8197689,1,arcface
50,brightness,0.96208704,1,arcface
51,brightness,0.9337471,1,arcface
52,brightness,0.93855065,1,arcface
53,brightness,0.94316554,1,arcface
54,brightness,0.8218369,1,arcface
55,brightness,0.96632767,1,arcface
56,brightness,0.9783186,1,arcface
57,brightness,0.9847646,1,arcface
58,brightness,0.953473,1,arcface
59,brightness,0.9451223,1,arcface
60,brightness,0.98795587,1,arcface
61,brightness,0.9768015,1,arcface
62,brightness,0.94885045,1,arcface
63,brightness,0.7811203,1,arcface
64,brightness,0.80581355,1,arcface
65,brightness,0.98879457,1,arcface
66,brightness,0.98961306,1,arcface
67,brightness,0.9800866,1,arcface
68,brightness,0.9699222,1,arcface
69,brightness,0.9801874,1,arcface
70,brightness,0.9648796,1,arcface
71,brightness,0.98764837,1,arcface
72,brightness,0.9865521,1,arcface
73,brightness,0.9078335,1,arcface
74,brightness,0.8436889,1,arcface
75,brightness,0.92484593,1,arcface
76,brightness,0.9799263,1,arcface
77,brightness,0.934537,1,arcface
78,brightness,0.91965795,1,arcface
79,brightness,0.9753498,1,arcface
80,brightness,0.977652,1,arcface
81,brightness,0.95545554,1,arcface
82,brightness,0.98022693,1,arcface
83,brightness,0.96758574,1,arcface
84,brightness,0.98244107,1,arcface
85,brightness,0.9868282,1,arcface
86,brightness,0.92224914,1,arcface
87,brightness,0.987161,1,arcface
88,brightness,0.97514594,1,arcface
89,brightness,0.92770666,1,arcface
90,brightness,0.9690854,1,arcface
91,brightness,0.974976,1,arcface
92,brightness,0.9741142,1,arcface
93,brightness,0.7961193,1,arcface
94,brightness,0.90357983,1,arcface
95,brightness,0.9438329,1,arcface
96,brightness,0.9689148,1,arcface
97,brightness,0.9445567,1,arcface
98,brightness,0.9674327,1,arcface
99,brightness,0.9865214,1,arcface
100,brightness,0.9417777,1,arcface
101,brightness,0.9582641,1,arcface
102,brightness,0.9470536,1,arcface
103,brightness,0.9719685,1,arcface
104,brightness,0.95590585,1,arcface
105,brightness,0.9764593,1,arcface
106,brightness,0.980897,1,arcface
107,brightness,0.93662494,1,arcface
108,brightness,0.9317474,1,arcface
109,brightness,0.8978433,1,arcface
110,brightness,0.92372197,1,arcface
111,brightness,0.9607774,1,arcface
112,brightness,0.9552769,1,arcface
113,brightness,0.92450005,1,arcface
114,brightness,0.9871426,1,arcface
115,brightness,0.9370161,1,arcface
116,brightness,0.8463378,1,arcface
117,brightness,0.88028663,1,arcface
118,brightness,0.868853,1,arcface
119,brightness,0.8796988,1,arcface
120,brightness,0.961746,1,arcface
121,brightness,0.9751425,1,arcface
122,brightness,0.9779856,1,arcface
123,brightness,0.97881013,1,arcface
124,brightness,0.9702487,1,arcface
125,brightness,0.973699,1,arcface
126,brightness,0.89934576,1,arcface
127,brightness,0.9749622,1,arcface
128,brightness,0.9211531,1,arcface
129,brightness,0.89107925,1,arcface
130,brightness,0.92881984,1,arcface
131,brightness,0.85350317,1,arcface
132,brightness,0.924722,1,arcface
133,brightness,0.94892997,1,arcface
134,brightness,0.973053,1,arcface
135,brightness,0.9675216,1,arcface
136,brightness,0.96730214,1,arcface
137,brightness,0.90713906,1,arcface
138,brightness,0.9367119,1,arcface
139,brightness,0.91113114,1,arcface
140,brightness,0.972748,1,arcface
141,brightness,0.98666567,1,arcface
142,brightness,0.96088725,1,arcface
143,brightness,0.97502136,1,arcface
144,brightness,0.9483376,1,arcface
145,brightness,0.97831994,1,arcface
146,brightness,0.96225715,1,arcface
147,brightness,0.9212486,1,arcface
148,brightness,0.8703003,1,arcface
149,brightness,0.9835134,1,arcface
150,brightness,0.9862924,1,arcface
151,brightness,0.89897156,1,arcface
152,brightness,0.96579456,1,arcface
153,brightness,0.93708754,1,arcface
154,brightness,0.8962128,1,arcface
155,brightness,0.91774225,1,arcface
156,brightness,0.92050415,1,arcface
157,brightness,0.9764783,1,arcface
158,brightness,0.9436507,1,arcface
159,brightness,0.9426037,1,arcface
160,brightness,0.9506843,1,arcface
161,brightness,0.97860134,1,arcface
162,brightness,0.9711048,1,arcface
163,brightness,0.9821834,1,arcface
164,brightness,0.99060965,1,arcface
165,brightness,0.9764613,1,arcface
166,brightness,0.9606626,1,arcface
167,brightness,0.9804138,1,arcface
168,brightness,0.9375031,1,arcface
169,brightness,0.82265204,1,arcface
170,brightness,0.97353244,1,arcface
171,brightness,0.9520934,1,arcface
172,brightness,0.9700208,1,arcface
173,brightness,0.98635453,1,arcface
174,brightness,0.9814013,1,arcface
175,brightness,0.9902939,1,arcface
176,brightness,0.9891723,1,arcface
177,brightness,0.9867728,1,arcface
178,brightness,0.9861087,1,arcface
179,brightness,0.97871083,1,arcface
180,brightness,0.965583,1,arcface
181,brightness,0.96120787,1,arcface
182,brightness,0.17894356,1,arcface
183,brightness,0.26587796,1,arcface
184,brightness,0.95325744,1,arcface
185,brightness,0.9721323,1,arcface
186,brightness,0.9814733,1,arcface
187,brightness,0.92809653,1,arcface
188,brightness,0.9740892,1,arcface
189,brightness,0.94401985,1,arcface
190,brightness,0.9685143,1,arcface
191,brightness,0.9830427,1,arcface
192,brightness,0.9697032,1,arcface
193,brightness,0.9480645,1,arcface
194,brightness,0.94741106,1,arcface
195,brightness,0.95247775,1,arcface
196,brightness,0.93010587,1,arcface
197,brightness,0.9080648,1,arcface
198,brightness,0.97554237,1,arcface
199,brightness,0.98801243,1,arcface
200,brightness,0.97267145,1,arcface
201,brightness,0.98320407,1,arcface
202,brightness,0.95829046,1,arcface
203,brightness,0.94902205,1,arcface
204,brightness,0.95685357,1,arcface
205,brightness,0.9178601,1,arcface
206,brightness,0.9851275,1,arcface
207,brightness,0.9881629,1,arcface
208,brightness,0.9895777,1,arcface
209,brightness,0.99016666,1,arcface
210,brightness,0.98004526,1,arcface
211,brightness,0.9708163,1,arcface
212,brightness,0.98095065,1,arcface
213,brightness,0.9905875,1,arcface
214,brightness,0.98445493,1,arcface
215,brightness,0.96459764,1,arcface
216,brightness,0.9536969,1,arcface
217,brightness,0.9881115,1,arcface
218,brightness,0.95716494,1,arcface
219,brightness,0.98536927,1,arcface
220,brightness,0.98825365,1,arcface
221,brightness,0.9840948,1,arcface
222,brightness,0.9822214,1,arcface
223,brightness,0.9669265,1,arcface
224,brightness,0.90818566,1,arcface
225,brightness,0.9680308,1,arcface
226,brightness,0.9391764,1,arcface
227,brightness,0.9817029,1,arcface
228,brightness,0.9723134,1,arcface
229,brightness,0.9865064,1,arcface
230,brightness,0.98947006,1,arcface
231,brightness,0.9866633,1,arcface
232,brightness,0.9854697,1,arcface
233,brightness,0.92747,1,arcface
234,brightness,0.98575944,1,arcface
235,brightness,0.9716692,1,arcface
236,brightness,0.9658524,1,arcface
237,brightness,0.9461838,1,arcface
238,brightness,0.75620806,1,arcface
239,brightness,0.92147636,1,arcface
240,brightness,0.8916005,1,arcface
241,brightness,0.96718335,1,arcface
242,brightness,0.9507342,1,arcface
243,brightness,0.9772844,1,arcface
244,brightness,0.9834504,1,arcface
245,brightness,0.9783695,1,arcface
246,brightness,0.9782355,1,arcface
247,brightness,0.8878961,1,arcface
248,brightness,0.94194037,1,arcface
249,brightness,0.9823206,1,arcface
250,brightness,0.95528865,1,arcface
251,brightness,0.9516069,1,arcface
252,brightness,0.95377815,1,arcface
253,brightness,0.97058874,1,arcface
254,brightness,0.97757024,1,arcface
255,brightness,0.8992587,1,arcface
256,brightness,0.9650982,1,arcface
257,brightness,0.975074,1,arcface
258,brightness,0.9681889,1,arcface
259,brightness,0.96656924,1,arcface
260,brightness,0.96913016,1,arcface
261,brightness,0.9735495,1,arcface
262,brightness,0.9547552,1,arcface
263,brightness,0.9846751,1,arcface
264,brightness,0.9860424,1,arcface
265,brightness,0.9854758,1,arcface
266,brightness,0.9534688,1,arcface
267,brightness,0.84427434,1,arcface
268,brightness,0.93673044,1,arcface
269,brightness,0.9532471,1,arcface
270,brightness,0.98809516,1,arcface
271,brightness,0.9832927,1,arcface
272,brightness,0.9765505,1,arcface
273,brightness,0.9353996,1,arcface
274,brightness,0.97842085,1,arcface
275,brightness,0.95783204,1,arcface
276,brightness,0.9422891,1,arcface
277,brightness,0.9352512,1,arcface
278,brightness,0.90594506,1,arcface
279,brightness,0.97891515,1,arcface
280,brightness,0.9654819,1,arcface
281,brightness,0.91080123,1,arcface
282,brightness,0.9656575,1,arcface
283,brightness,0.8518969,1,arcface
284,brightness,0.9819341,1,arcface
285,brightness,0.9764876,1,arcface
286,brightness,0.9778403,1,arcface
287,brightness,0.9657258,1,arcface
288,brightness,0.9777843,1,arcface
289,brightness,0.69586456,1,arcface
290,brightness,0.96837085,1,arcface
291,brightness,0.8580183,1,arcface
292,brightness,0.93387884,1,arcface
293,brightness,0.9614398,1,arcface
294,brightness,0.9866297,1,arcface
295,brightness,0.9725074,1,arcface
296,brightness,0.96159846,1,arcface
297,brightness,0.9445274,1,arcface
298,brightness,0.97331417,1,arcface
299,brightness,0.985831,1,arcface
300,brightness,0.9488286,0,arcface
301,brightness,0.9576792,0,arcface
302,brightness,0.941114,0,arcface
303,brightness,0.96106607,0,arcface
304,brightness,0.9693609,0,arcface
305,brightness,0.949791,0,arcface
306,brightness,0.8623159,0,arcface
307,brightness,0.9585296,0,arcface
308,brightness,0.9757442,0,arcface
309,brightness,0.96212256,0,arcface
310,brightness,0.9450967,0,arcface
311,brightness,0.962327,0,arcface
312,brightness,0.96884733,0,arcface
313,brightness,0.9689269,0,arcface
314,brightness,0.98773,0,arcface
315,brightness,0.96187663,0,arcface
316,brightness,0.9838896,0,arcface
317,brightness,0.8448867,0,arcface
318,brightness,0.9627352,0,arcface
319,brightness,0.96726793,0,arcface
320,brightness,0.9839429,0,arcface
321,brightness,0.97502136,0,arcface
322,brightness,0.95469385,0,arcface
323,brightness,0.96477205,0,arcface
324,brightness,0.93067694,0,arcface
325,brightness,0.90634346,0,arcface
326,brightness,0.9854969,0,arcface
327,brightness,0.82256633,0,arcface
328,brightness,0.97071546,0,arcface
329,brightness,0.9188163,0,arcface
330,brightness,0.9550708,0,arcface
331,brightness,0.9526113,0,arcface
332,brightness,0.92622346,0,arcface
333,brightness,0.94836104,0,arcface
334,brightness,0.989975,0,arcface
335,brightness,0.975519,0,arcface
336,brightness,0.97762465,0,arcface
337,brightness,0.96171963,0,arcface
338,brightness,0.7105014,0,arcface
339,brightness,0.7181735,0,arcface
340,brightness,0.73377866,0,arcface
341,brightness,0.97754884,0,arcface
342,brightness,0.9820757,0,arcface
343,brightness,0.9090154,0,arcface
344,brightness,0.9619436,0,arcface
345,brightness,0.8919476,0,arcface
346,brightness,0.94315857,0,arcface
347,brightness,0.9542967,0,arcface
348,brightness,0.9804852,0,arcface
349,brightness,0.6882324,0,arcface
350,brightness,0.87620926,0,arcface
351,brightness,0.89393866,0,arcface
352,brightness,0.96295774,0,arcface
353,brightness,0.95302546,0,arcface
354,brightness,0.93245083,0,arcface
355,brightness,0.9834239,0,arcface
356,brightness,0.77399284,0,arcface
357,brightness,0.9496352,0,arcface
358,brightness,0.8500165,0,arcface
359,brightness,0.96791524,0,arcface
360,brightness,0.9833548,0,arcface
361,brightness,0.9732666,0,arcface
362,brightness,0.91933477,0,arcface
363,brightness,0.8713215,0,arcface
364,brightness,0.9763806,0,arcface
365,brightness,0.9679031,0,arcface
366,brightness,0.97558635,0,arcface
367,brightness,0.8985131,0,arcface
368,brightness,0.9720729,0,arcface
369,brightness,0.9713307,0,arcface
370,brightness,0.97541684,0,arcface
371,brightness,0.8976867,0,arcface
372,brightness,0.95718145,0,arcface
373,brightness,0.95693696,0,arcface
374,brightness,0.9535987,0,arcface
375,brightness,0.94684595,0,arcface
376,brightness,0.92804193,0,arcface
377,brightness,0.9616043,0,arcface
378,brightness,0.9326106,0,arcface
379,brightness,0.94944197,0,arcface
380,brightness,0.91851026,0,arcface
381,brightness,0.9684699,0,arcface
382,brightness,0.94503254,0,arcface
383,brightness,0.94352734,0,arcface
384,brightness,0.9736703,0,arcface
385,brightness,0.9729265,0,arcface
386,brightness,0.95315975,0,arcface
387,brightness,0.9895818,0,arcface
388,brightness,0.97199893,0,arcface
389,brightness,0.96638507,0,arcface
390,brightness,0.95477945,0,arcface
391,brightness,0.8066519,0,arcface
392,brightness,0.84436136,0,arcface
393,brightness,0.9810809,0,arcface
394,brightness,0.9563554,0,arcface
395,brightness,0.97690237,0,arcface
396,brightness,0.9755447,0,arcface
397,brightness,0.9726491,0,arcface
398,brightness,0.8488795,0,arcface
399,brightness,0.9556727,0,arcface
400,brightness,0.9702671,0,arcface
401,brightness,0.9742798,0,arcface
402,brightness,0.9761214,0,arcface
403,brightness,0.975775,0,arcface
404,brightness,0.9051,0,arcface
405,brightness,0.68787956,0,arcface
406,brightness,0.9379989,0,arcface
407,brightness,0.9790772,0,arcface
408,brightness,0.96547484,0,arcface
409,brightness,0.98058164,0,arcface
410,brightness,0.9562361,0,arcface
411,brightness,0.9625902,0,arcface
412,brightness,0.9566221,0,arcface
413,brightness,0.9749829,0,arcface
414,brightness,0.9248474,0,arcface
415,brightness,0.92783636,0,arcface
416,brightness,0.97129226,0,arcface
417,brightness,0.9794456,0,arcface
418,brightness,0.9787986,0,arcface
419,brightness,0.95113957,0,arcface
420,brightness,0.9123169,0,arcface
421,brightness,0.9705064,0,arcface
422,brightness,0.9367515,0,arcface
423,brightness,0.86943644,0,arcface
424,brightness,0.96742296,0,arcface
425,brightness,0.9589062,0,arcface
426,brightness,0.97246224,0,arcface
427,brightness,0.9086436,0,arcface
428,brightness,0.89010483,0,arcface
429,brightness,0.6837439,0,arcface
430,brightness,0.9301862,0,arcface
431,brightness,0.91773075,0,arcface
432,brightness,0.93716526,0,arcface
433,brightness,0.91225255,0,arcface
434,brightness,0.98261845,0,arcface
435,brightness,0.93298054,0,arcface
436,brightness,0.98101777,0,arcface
437,brightness,0.98361284,0,arcface
438,brightness,0.9395183,0,arcface
439,brightness,0.9495305,0,arcface
440,brightness,0.95383394,0,arcface
441,brightness,0.9631185,0,arcface
442,brightness,0.9794806,0,arcface
443,brightness,0.9344224,0,arcface
444,brightness,0.9786289,0,arcface
445,brightness,0.98180103,0,arcface
446,brightness,0.9060624,0,arcface
447,brightness,0.9111843,0,arcface
448,brightness,0.8495586,0,arcface
449,brightness,0.9312747,0,arcface
450,brightness,0.9411378,0,arcface
451,brightness,0.9796423,0,arcface
452,brightness,0.9208424,0,arcface
453,brightness,0.97131693,0,arcface
454,brightness,0.9237133,0,arcface
455,brightness,0.9535964,0,arcface
456,brightness,0.970996,0,arcface
457,brightness,0.9550135,0,arcface
458,brightness,0.9764168,0,arcface
459,brightness,0.9546473,0,arcface
460,brightness,0.9710733,0,arcface
461,brightness,0.90935093,0,arcface
462,brightness,0.92799175,0,arcface
463,brightness,0.72765416,0,arcface
464,brightness,0.9812209,0,arcface
465,brightness,0.94966155,0,arcface
466,brightness,0.95697373,0,arcface
467,brightness,0.96573025,0,arcface
468,brightness,0.9697322,0,arcface
469,brightness,0.9623385,0,arcface
470,brightness,0.94073486,0,arcface
471,brightness,0.95713747,0,arcface
472,brightness,0.9456289,0,arcface
473,brightness,0.9731957,0,arcface
474,brightness,0.9691505,0,arcface
475,brightness,0.96696025,0,arcface
476,brightness,0.9185579,0,arcface
477,brightness,0.98000455,0,arcface
478,brightness,0.960029,0,arcface
479,brightness,0.9676531,0,arcface
480,brightness,0.94129467,0,arcface
481,brightness,0.9736422,0,arcface
482,brightness,0.9535545,0,arcface
483,brightness,0.9504551,0,arcface
484,brightness,0.9670331,0,arcface
485,brightness,0.9600696,0,arcface
486,brightness,0.80988485,0,arcface
487,brightness,0.8979171,0,arcface
488,brightness,0.936296,0,arcface
489,brightness,0.95864165,0,arcface
490,brightness,0.9844487,0,arcface
491,brightness,0.982239,0,arcface
492,brightness,0.9684371,0,arcface
493,brightness,0.96830225,0,arcface
494,brightness,0.923175,0,arcface
495,brightness,0.90695035,0,arcface
496,brightness,0.85177344,0,arcface
497,brightness,0.96347505,0,arcface
498,brightness,0.97880524,0,arcface
499,brightness,0.9467704,0,arcface
500,brightness,0.9245654,0,arcface
501,brightness,0.9653953,0,arcface
502,brightness,0.9715137,0,arcface
503,brightness,0.9744648,0,arcface
504,brightness,0.87404305,0,arcface
505,brightness,0.96366423,0,arcface
506,brightness,0.9564098,0,arcface
507,brightness,0.9586521,0,arcface
508,brightness,0.8577876,0,arcface
509,brightness,0.9587658,0,arcface
510,brightness,0.97435504,0,arcface
511,brightness,0.8481021,0,arcface
512,brightness,0.92788833,0,arcface
513,brightness,0.88744175,0,arcface
514,brightness,0.9654119,0,arcface
515,brightness,0.97273856,0,arcface
516,brightness,0.96907747,0,arcface
517,brightness,0.96148103,0,arcface
518,brightness,0.9147597,0,arcface
519,brightness,0.97735345,0,arcface
520,brightness,0.94144577,0,arcface
521,brightness,0.93241763,0,arcface
522,brightness,0.96286947,0,arcface
523,brightness,0.85146534,0,arcface
524,brightness,0.96492547,0,arcface
525,brightness,0.972906,0,arcface
526,brightness,0.9727431,0,arcface
527,brightness,0.9819944,0,arcface
528,brightness,0.976407,0,arcface
529,brightness,0.9775838,0,arcface
530,brightness,0.9296012,0,arcface
531,brightness,0.96720225,0,arcface
532,brightness,0.97542113,0,arcface
533,brightness,0.8473441,0,arcface
534,brightness,0.974029,0,arcface
535,brightness,0.9650273,0,arcface
536,brightness,0.8785326,0,arcface
537,brightness,0.9702145,0,arcface
538,brightness,0.9246405,0,arcface
539,brightness,0.98676306,0,arcface
540,brightness,0.9851983,0,arcface
541,brightness,0.97673345,0,arcface
542,brightness,0.91285175,0,arcface
543,brightness,0.9540226,0,arcface
544,brightness,0.8864586,0,arcface
545,brightness,0.959691,0,arcface
546,brightness,0.8707461,0,arcface
547,brightness,0.7072798,0,arcface
548,brightness,0.61880076,0,arcface
549,brightness,0.9438958,0,arcface
550,brightness,0.9051676,0,arcface
551,brightness,0.96919364,0,arcface
552,brightness,0.90002906,0,arcface
553,brightness,0.9188481,0,arcface
554,brightness,0.9758791,0,arcface
555,brightness,0.9606413,0,arcface
556,brightness,0.9499072,0,arcface
557,brightness,0.9713451,0,arcface
558,brightness,0.98754305,0,arcface
559,brightness,0.930981,0,arcface
560,brightness,0.97191393,0,arcface
561,brightness,0.9146421,0,arcface
562,brightness,0.9820375,0,arcface
563,brightness,0.9775984,0,arcface
564,brightness,0.9316684,0,arcface
565,brightness,0.90282166,0,arcface
566,brightness,0.95199627,0,arcface
567,brightness,0.9069826,0,arcface
568,brightness,0.97078407,0,arcface
569,brightness,0.9656469,0,arcface
570,brightness,0.9467498,0,arcface
571,brightness,0.96868324,0,arcface
572,brightness,0.95362484,0,arcface
573,brightness,0.9136298,0,arcface
574,brightness,0.975669,0,arcface
575,brightness,0.96329826,0,arcface
576,brightness,0.9799367,0,arcface
577,brightness,0.9590049,0,arcface
578,brightness,0.9793614,0,arcface
579,brightness,0.98130834,0,arcface
580,brightness,0.9702701,0,arcface
581,brightness,0.97530156,0,arcface
582,brightness,0.91508645,0,arcface
583,brightness,0.84422207,0,arcface
584,brightness,0.8664915,0,arcface
585,brightness,0.98742664,0,arcface
586,brightness,0.90257925,0,arcface
587,brightness,0.9273563,0,arcface
588,brightness,0.9746823,0,arcface
589,brightness,0.84660023,0,arcface
590,brightness,0.9728169,0,arcface
591,brightness,0.9694712,0,arcface
592,brightness,0.94314533,0,arcface
593,brightness,0.8238451,0,arcface
594,brightness,0.8492519,0,arcface
595,brightness,0.9562469,0,arcface
596,brightness,0.98128647,0,arcface
597,brightness,0.9413549,0,arcface
598,brightness,0.92084473,0,arcface
599,brightness,0.97444814,0,arcface
0,skin_smooth,0.95147604,1,arcface
1,skin_smooth,0.9853572,1,arcface
2,skin_smooth,0.9781583,1,arcface
3,skin_smooth,0.97739697,1,arcface
4,skin_smooth,0.9917314,1,arcface
5,skin_smooth,0.9847015,1,arcface
6,skin_smooth,0.9441327,1,arcface
7,skin_smooth,0.93078226,1,arcface
8,skin_smooth,0.88081235,1,arcface
9,skin_smooth,0.9644021,1,arcface
10,skin_smooth,0.9862524,1,arcface
11,skin_smooth,0.8791345,1,arcface
12,skin_smooth,0.98341644,1,arcface
13,skin_smooth,0.9888266,1,arcface
14,skin_smooth,0.9644436,1,arcface
15,skin_smooth,0.96178263,1,arcface
16,skin_smooth,0.9839751,1,arcface
17,skin_smooth,0.9371783,1,arcface
18,skin_smooth,0.9523054,1,arcface
19,skin_smooth,0.83139664,1,arcface
20,skin_smooth,0.989774,1,arcface
21,skin_smooth,0.9859596,1,arcface
22,skin_smooth,0.972598,1,arcface
23,skin_smooth,0.98973405,1,arcface
24,skin_smooth,0.73564905,1,arcface
25,skin_smooth,0.98005456,1,arcface
26,skin_smooth,0.96094316,1,arcface
27,skin_smooth,0.9635807,1,arcface
28,skin_smooth,0.96506476,1,arcface
29,skin_smooth,0.97528857,1,arcface
30,skin_smooth,0.9254523,1,arcface
31,skin_smooth,0.97893703,1,arcface
32,skin_smooth,0.9773226,1,arcface
33,skin_smooth,0.9687621,1,arcface
34,skin_smooth,0.9837959,1,arcface
35,skin_smooth,0.9551527,1,arcface
36,skin_smooth,0.9405834,1,arcface
37,skin_smooth,0.98838043,1,arcface
38,skin_smooth,0.9858516,1,arcface
39,skin_smooth,0.9785526,1,arcface
40,skin_smooth,0.97295725,1,arcface
41,skin_smooth,0.98155075,1,arcface
42,skin_smooth,0.93254876,1,arcface
43,skin_smooth,0.9868344,1,arcface
44,skin_smooth,0.9584376,1,arcface
45,skin_smooth,0.9772722,1,arcface
46,skin_smooth,0.9107028,1,arcface
47,skin_smooth,0.99036926,1,arcface
48,skin_smooth,0.946512,1,arcface
49,skin_smooth,0.87580085,1,arcface
50,skin_smooth,0.96928954,1,arcface
51,skin_smooth,0.954654,1,arcface
52,skin_smooth,0.9592453,1,arcface
53,skin_smooth,0.9575146,1,arcface
54,skin_smooth,0.8731313,1,arcface
55,skin_smooth,0.97274804,1,arcface
56,skin_smooth,0.9811293,1,arcface
57,skin_smooth,0.9878989,1,arcface
58,skin_smooth,0.9494248,1,arcface
59,skin_smooth,0.9419504,1,arcface
60,skin_smooth,0.98912364,1,arcface
61,skin_smooth,0.9847435,1,arcface
62,skin_smooth,0.97366613,1,arcface
63,skin_smooth,0.8403694,1,arcface
64,skin_smooth,0.84398556,1,arcface
65,skin_smooth,0.9892347,1,arcface
66,skin_smooth,0.98698956,1,arcface
67,skin_smooth,0.9806788,1,arcface
68,skin_smooth,0.9703086,1,arcface
69,skin_smooth,0.98208225,1,arcface
70,skin_smooth,0.9724453,1,arcface
71,skin_smooth,0.9899151,1,arcface
72,skin_smooth,0.9871555,1,arcface
73,skin_smooth,0.9031875,1,arcface
74,skin_smooth,0.87086135,1,arcface
75,skin_smooth,0.95407796,1,arcface
76,skin_smooth,0.9788388,1,arcface
77,skin_smooth,0.96052074,1,arcface
78,skin_smooth,0.94636583,1,arcface
79,skin_smooth,0.955556,1,arcface
80,skin_smooth,0.98575336,1,arcface
81,skin_smooth,0.94247687,1,arcface
82,skin_smooth,0.9806073,1,arcface
83,skin_smooth,0.97264475,1,arcface
84,skin_smooth,0.98502225,1,arcface
85,skin_smooth,0.98981255,1,arcface
86,skin_smooth,0.9223976,1,arcface
87,skin_smooth,0.988749,1,arcface
88,skin_smooth,0.97341657,1,arcface
89,skin_smooth,0.9203327,1,arcface
90,skin_smooth,0.97448075,1,arcface
91,skin_smooth,0.97050834,1,arcface
92,skin_smooth,0.9797217,1,arcface
93,skin_smooth,0.80407375,1,arcface
94,skin_smooth,0.9187017,1,arcface
95,skin_smooth,0.9752697,1,arcface
96,skin_smooth,0.96345574,1,arcface
97,skin_smooth,0.9594969,1,arcface
98,skin_smooth,0.97922,1,arcface
99,skin_smooth,0.9859996,1,arcface
100,skin_smooth,0.9432079,1,arcface
101,skin_smooth,0.9651606,1,arcface
102,skin_smooth,0.9625995,1,arcface
103,skin_smooth,0.98056215,1,arcface
104,skin_smooth,0.9629418,1,arcface
105,skin_smooth,0.9820991,1,arcface
106,skin_smooth,0.9848647,1,arcface
107,skin_smooth,0.9504426,1,arcface
108,skin_smooth,0.94213086,1,arcface
109,skin_smooth,0.91804564,1,arcface
110,skin_smooth,0.9523897,1,arcface
111,skin_smooth,0.97383493,1,arcface
112,skin_smooth,0.93171465,1,arcface
113,skin_smooth,0.93736416,1,arcface
114,skin_smooth,0.9882945,1,arcface
115,skin_smooth,0.93764836,1,arcface
116,skin_smooth,0.90584594,1,arcface
117,skin_smooth,0.8929708,1,arcface
118,skin_smooth,0.9146419,1,arcface
119,skin_smooth,0.89964455,1,arcface
120,skin_smooth,0.96328026,1,arcface
121,skin_smooth,0.97306603,1,arcface
122,skin_smooth,0.98263603,1,arcface
123,skin_smooth,0.978854,1,arcface
124,skin_smooth,0.9808515,1,arcface
125,skin_smooth,0.9790573,1,arcface
126,skin_smooth,0.9124276,1,arcface
127,skin_smooth,0.9731182,1,arcface
128,skin_smooth,0.9570426,1,arcface
129,skin_smooth,0.90795434,1,arcface
130,skin_smooth,0.93677175,1,arcface
131,skin_smooth,0.8808291,1,arcface
132,skin_smooth,0.94787145,1,arcface
133,skin_smooth,0.9548584,1,arcface
134,skin_smooth,0.9769118,1,arcface
135,skin_smooth,0.9737029,1,arcface
136,skin_smooth,0.97433764,1,arcface
137,skin_smooth,0.90479004,1,arcface
138,skin_smooth,0.9235287,1,arcface
139,skin_smooth,0.96926516,1,arcface
140,skin_smooth,0.9835811,1,arcface
141,skin_smooth,0.9861768,1,arcface
142,skin_smooth,0.9679814,1,arcface
143,skin_smooth,0.97828376,1,arcface
144,skin_smooth,0.9560416,1,arcface
145,skin_smooth,0.9822413,1,arcface
146,skin_smooth,0.9701745,1,arcface
147,skin_smooth,0.957149,1,arcface
148,skin_smooth,0.9084103,1,arcface
149,skin_smooth,0.98572105,1,arcface
150,skin_smooth,0.98574275,1,arcface
151,skin_smooth,0.91498035,1,arcface
152,skin_smooth,0.9724315,1,arcface
153,skin_smooth,0.94461864,1,arcface
154,skin_smooth,0.93929386,1,arcface
155,skin_smooth,0.9488115,1,arcface
156,skin_smooth,0.9351001,1,arcface
157,skin_smooth,0.97522414,1,arcface
158,skin_smooth,0.94490093,1,arcface
159,skin_smooth,0.9653612,1,arcface
160,skin_smooth,0.95018566,1,arcface
161,skin_smooth,0.9843357,1,arcface
162,skin_smooth,0.96993613,1,arcface
163,skin_smooth,0.98519605,1,arcface
164,skin_smooth,0.9898999,1,arcface
165,skin_smooth,0.9763386,1,arcface
166,skin_smooth,0.9686436,1,arcface
167,skin_smooth,0.98372185,1,arcface
168,skin_smooth,0.954525,1,arcface
169,skin_smooth,0.9172173,1,arcface
170,skin_smooth,0.9791108,1,arcface
171,skin_smooth,0.9589437,1,arcface
172,skin_smooth,0.97377914,1,arcface
173,skin_smooth,0.9880992,1,arcface
174,skin_smooth,0.98533666,1,arcface
175,skin_smooth,0.9884007,1,arcface
176,skin_smooth,0.9889377,1,arcface
177,skin_smooth,0.98796743,1,arcface
178,skin_smooth,0.9870918,1,arcface
179,skin_smooth,0.98344535,1,arcface
180,skin_smooth,0.9725036,1,arcface
181,skin_smooth,0.9555102,1,arcface
182,skin_smooth,0.19019113,1,arcface
183,skin_smooth,0.22478998,1,arcface
184,skin_smooth,0.9499205,1,arcface
185,skin_smooth,0.9771812,1,arcface
186,skin_smooth,0.9824728,1,arcface
187,skin_smooth,0.92775816,1,arcface
188,skin_smooth,0.9815131,1,arcface
189,skin_smooth,0.96207494,1,arcface
190,skin_smooth,0.9765636,1,arcface
191,skin_smooth,0.98269224,1,arcface
192,skin_smooth,0.9784506,1,arcface
193,skin_smooth,0.9650245,1,arcface
194,skin_smooth,0.9510482,1,arcface
195,skin_smooth,0.948854,1,arcface
196,skin_smooth,0.9480446,1,arcface
197,skin_smooth,0.9167325,1,arcface
198,skin_smooth,0.97842723,1,arcface
199,skin_smooth,0.9913098,1,arcface
200,skin_smooth,0.9812449,1,arcface
201,skin_smooth,0.9842326,1,arcface
202,skin_smooth,0.97553587,1,arcface
203,skin_smooth,0.9610944,1,arcface
204,skin_smooth,0.9650563,1,arcface
205,skin_smooth,0.9395002,1,arcface
206,skin_smooth,0.9871009,1,arcface
207,skin_smooth,0.9900021,1,arcface
208,skin_smooth,0.9911651,1,arcface
209,skin_smooth,0.9903774,1,arcface
210,skin_smooth,0.98469573,1,arcface
211,skin_smooth,0.9777285,1,arcface
212,skin_smooth,0.9816997,1,arcface
213,skin_smooth,0.9899661,1,arcface
214,skin_smooth,0.9859564,1,arcface
215,skin_smooth,0.97774196,1,arcface
216,skin_smooth,0.9514157,1,arcface
217,skin_smooth,0.98860085,1,arcface
218,skin_smooth,0.96791184,1,arcface
219,skin_smooth,0.9875592,1,arcface
220,skin_smooth,0.98817134,1,arcface
221,skin_smooth,0.9840913,1,arcface
222,skin_smooth,0.98516196,1,arcface
223,skin_smooth,0.97201353,1,arcface
224,skin_smooth,0.9074944,1,arcface
225,skin_smooth,0.94344383,1,arcface
226,skin_smooth,0.9348369,1,arcface
227,skin_smooth,0.9828831,1,arcface
228,skin_smooth,0.974161,1,arcface
229,skin_smooth,0.9879298,1,arcface
230,skin_smooth,0.9934127,1,arcface
231,skin_smooth,0.9853128,1,arcface
232,skin_smooth,0.98698485,1,arcface
233,skin_smooth,0.93871355,1,arcface
234,skin_smooth,0.9880334,1,arcface
235,skin_smooth,0.980037,1,arcface
236,skin_smooth,0.9706167,1,arcface
237,skin_smooth,0.97412306,1,arcface
238,skin_smooth,0.6415113,1,arcface
239,skin_smooth,0.96830755,1,arcface
240,skin_smooth,0.95048213,1,arcface
241,skin_smooth,0.9690544,1,arcface
242,skin_smooth,0.9474137,1,arcface
243,skin_smooth,0.9813033,1,arcface
244,skin_smooth,0.98420084,1,arcface
245,skin_smooth,0.98094636,1,arcface
246,skin_smooth,0.9796302,1,arcface
247,skin_smooth,0.92014545,1,arcface
248,skin_smooth,0.9529157,1,arcface
249,skin_smooth,0.9840996,1,arcface
250,skin_smooth,0.9549838,1,arcface
251,skin_smooth,0.9587522,1,arcface
252,skin_smooth,0.96250117,1,arcface
253,skin_smooth,0.97936976,1,arcface
254,skin_smooth,0.9680503,1,arcface
255,skin_smooth,0.9274342,1,arcface
256,skin_smooth,0.96966785,1,arcface
257,skin_smooth,0.9798661,1,arcface
258,skin_smooth,0.97848594,1,arcface
259,skin_smooth,0.9697172,1,arcface
260,skin_smooth,0.97100216,1,arcface
261,skin_smooth,0.97553647,1,arcface
262,skin_smooth,0.955155,1,arcface
263,skin_smooth,0.9852177,1,arcface
264,skin_smooth,0.9868732,1,arcface
265,skin_smooth,0.9881167,1,arcface
266,skin_smooth,0.963222,1,arcface
267,skin_smooth,0.9326541,1,arcface
268,skin_smooth,0.9390569,1,arcface
269,skin_smooth,0.9810773,1,arcface
270,skin_smooth,0.9910241,1,arcface
271,skin_smooth,0.9866117,1,arcface
272,skin_smooth,0.9732303,1,arcface
273,skin_smooth,0.9597166,1,arcface
274,skin_smooth,0.982963,1,arcface
275,skin_smooth,0.9685508,1,arcface
276,skin_smooth,0.9480872,1,arcface
277,skin_smooth,0.9051454,1,arcface
278,skin_smooth,0.91733956,1,arcface
279,skin_smooth,0.9857422,1,arcface
280,skin_smooth,0.9773856,1,arcface
281,skin_smooth,0.91931075,1,arcface
282,skin_smooth,0.9650332,1,arcface
283,skin_smooth,0.88959545,1,arcface
284,skin_smooth,0.9827465,1,arcface
285,skin_smooth,0.9783741,1,arcface
286,skin_smooth,0.98317415,1,arcface
287,skin_smooth,0.96533513,1,arcface
288,skin_smooth,0.9792181,1,arcface
289,skin_smooth,0.8240835,1,arcface
290,skin_smooth,0.98110676,1,arcface
291,skin_smooth,0.83919436,1,arcface
292,skin_smooth,0.957147,1,arcface
293,skin_smooth,0.96220756,1,arcface
294,skin_smooth,0.98898685,1,arcface
295,skin_smooth,0.9737174,1,arcface
296,skin_smooth,0.9745836,1,arcface
297,skin_smooth,0.95390075,1,arcface
298,skin_smooth,0.97081256,1,arcface
299,skin_smooth,0.98265445,1,arcface
300,skin_smooth,0.96675766,0,arcface
301,skin_smooth,0.9658253,0,arcface
302,skin_smooth,0.9517474,0,arcface
303,skin_smooth,0.96767914,0,arcface
304,skin_smooth,0.9757125,0,arcface
305,skin_smooth,0.9511133,0,arcface
306,skin_smooth,0.8661086,0,arcface
307,skin_smooth,0.97011226,0,arcface
308,skin_smooth,0.9797155,0,arcface
309,skin_smooth,0.95873296,0,arcface
310,skin_smooth,0.95639175,0,arcface
311,skin_smooth,0.97105604,0,arcface
312,skin_smooth,0.97271115,0,arcface
313,skin_smooth,0.9745461,0,arcface
314,skin_smooth,0.9868313,0,arcface
315,skin_smooth,0.9677929,0,arcface
316,skin_smooth,0.9817576,0,arcface
317,skin_smooth,0.8847145,0,arcface
318,skin_smooth,0.96739066,0,arcface
319,skin_smooth,0.97629106,0,arcface
320,skin_smooth,0.98417187,0,arcface
321,skin_smooth,0.97597283,0,arcface
322,skin_smooth,0.95216775,0,arcface
323,skin_smooth,0.9601053,0,arcface
324,skin_smooth,0.961869,0,arcface
325,skin_smooth,0.9315633,0,arcface
326,skin_smooth,0.98721284,0,arcface
327,skin_smooth,0.8135132,0,arcface
328,skin_smooth,0.96561825,0,arcface
329,skin_smooth,0.95425236,0,arcface
330,skin_smooth,0.9655416,0,arcface
331,skin_smooth,0.9685676,0,arcface
332,skin_smooth,0.9444223,0,arcface
333,skin_smooth,0.9579511,0,arcface
334,skin_smooth,0.99161106,0,arcface
335,skin_smooth,0.97379005,0,arcface
336,skin_smooth,0.9722878,0,arcface
337,skin_smooth,0.96715325,0,arcface
338,skin_smooth,0.83619696,0,arcface
339,skin_smooth,0.84006256,0,arcface
340,skin_smooth,0.85429233,0,arcface
341,skin_smooth,0.98271286,0,arcface
342,skin_smooth,0.9847657,0,arcface
343,skin_smooth,0.9439475,0,arcface
344,skin_smooth,0.9770835,0,arcface
345,skin_smooth,0.8867774,0,arcface
346,skin_smooth,0.9310636,0,arcface
347,skin_smooth,0.9586454,0,arcface
348,skin_smooth,0.9851861,0,arcface
349,skin_smooth,0.853526,0,arcface
350,skin_smooth,0.8928976,0,arcface
351,skin_smooth,0.93686557,0,arcface
352,skin_smooth,0.9651711,0,arcface
353,skin_smooth,0.9707534,0,arcface
354,skin_smooth,0.951821,0,arcface
355,skin_smooth,0.9864299,0,arcface
356,skin_smooth,0.7236549,0,arcface
357,skin_smooth,0.96064734,0,arcface
358,skin_smooth,0.8944522,0,arcface
359,skin_smooth,0.9674527,0,arcface
360,skin_smooth,0.9799244,0,arcface
361,skin_smooth,0.97893983,0,arcface
362,skin_smooth,0.9293484,0,arcface
363,skin_smooth,0.9273743,0,arcface
364,skin_smooth,0.98309004,0,arcface
365,skin_smooth,0.98270875,0,arcface
366,skin_smooth,0.97921216,0,arcface
367,skin_smooth,0.9395863,0,arcface
368,skin_smooth,0.97864777,0,arcface
369,skin_smooth,0.9822103,0,arcface
370,skin_smooth,0.9792742,0,arcface
371,skin_smooth,0.948559,0,arcface
372,skin_smooth,0.9442233,0,arcface
373,skin_smooth,0.9644879,0,arcface
374,skin_smooth,0.9657125,0,arcface
375,skin_smooth,0.95727634,0,arcface
376,skin_smooth,0.9337583,0,arcface
377,skin_smooth,0.9679918,0,arcface
378,skin_smooth,0.92358005,0,arcface
379,skin_smooth,0.9480585,0,arcface
380,skin_smooth,0.90661997,0,arcface
381,skin_smooth,0.97152185,0,arcface
382,skin_smooth,0.9662596,0,arcface
383,skin_smooth,0.93219954,0,arcface
384,skin_smooth,0.9776053,0,arcface
385,skin_smooth,0.9791757,0,arcface
386,skin_smooth,0.96638244,0,arcface
387,skin_smooth,0.9907086,0,arcface
388,skin_smooth,0.97643524,0,arcface
389,skin_smooth,0.96732837,0,arcface
390,skin_smooth,0.9629301,0,arcface
391,skin_smooth,0.8654255,0,arcface
392,skin_smooth,0.9004541,0,arcface
393,skin_smooth,0.98409927,0,arcface
394,skin_smooth,0.9625115,0,arcface
395,skin_smooth,0.98493224,0,arcface
396,skin_smooth,0.9784686,0,arcface
397,skin_smooth,0.9809227,0,arcface
398,skin_smooth,0.8860022,0,arcface
399,skin_smooth,0.9646975,0,arcface
400,skin_smooth,0.97311556,0,arcface
401,skin_smooth,0.9745278,0,arcface
402,skin_smooth,0.97800285,0,arcface
403,skin_smooth,0.9778642,0,arcface
404,skin_smooth,0.9233373,0,arcface
405,skin_smooth,0.9215735,0,arcface
406,skin_smooth,0.92833406,0,arcface
407,skin_smooth,0.9826382,0,arcface
408,skin_smooth,0.9679695,0,arcface
409,skin_smooth,0.9862422,0,arcface
410,skin_smooth,0.95905405,0,arcface
411,skin_smooth,0.97389287,0,arcface
412,skin_smooth,0.9549,0,arcface
413,skin_smooth,0.975238,0,arcface
414,skin_smooth,0.9227096,0,arcface
415,skin_smooth,0.92516464,0,arcface
416,skin_smooth,0.9812409,0,arcface
417,skin_smooth,0.9824559,0,arcface
418,skin_smooth,0.97790396,0,arcface
419,skin_smooth,0.92685634,0,arcface
420,skin_smooth,0.9456983,0,arcface
421,skin_smooth,0.9810932,0,arcface
422,skin_smooth,0.93729854,0,arcface
423,skin_smooth,0.8921413,0,arcface
424,skin_smooth,0.96771544,0,arcface
425,skin_smooth,0.96660924,0,arcface
426,skin_smooth,0.97273946,0,arcface
427,skin_smooth,0.9196692,0,arcface
428,skin_smooth,0.9414757,0,arcface
429,skin_smooth,0.8933965,0,arcface
430,skin_smooth,0.9256626,0,arcface
431,skin_smooth,0.9223819,0,arcface
432,skin_smooth,0.9379667,0,arcface
433,skin_smooth,0.94979274,0,arcface
434,skin_smooth,0.9828042,0,arcface
435,skin_smooth,0.9531601,0,arcface
436,skin_smooth,0.9812509,0,arcface
437,skin_smooth,0.9846875,0,arcface
438,skin_smooth,0.9463907,0,arcface
439,skin_smooth,0.95638865,0,arcface
440,skin_smooth,0.9667803,0,arcface
441,skin_smooth,0.96640044,0,arcface
442,skin_smooth,0.98139876,0,arcface
443,skin_smooth,0.9527583,0,arcface
444,skin_smooth,0.9779665,0,arcface
445,skin_smooth,0.97876525,0,arcface
446,skin_smooth,0.92128253,0,arcface
447,skin_smooth,0.92533576,0,arcface
448,skin_smooth,0.84949315,0,arcface
449,skin_smooth,0.9419777,0,arcface
450,skin_smooth,0.9626343,0,arcface
451,skin_smooth,0.9825204,0,arcface
452,skin_smooth,0.92832303,0,arcface
453,skin_smooth,0.9760135,0,arcface
454,skin_smooth,0.95584893,0,arcface
455,skin_smooth,0.963228,0,arcface
456,skin_smooth,0.9731869,0,arcface
457,skin_smooth,0.9659066,0,arcface
458,skin_smooth,0.98225,0,arcface
459,skin_smooth,0.94676083,0,arcface
460,skin_smooth,0.9794157,0,arcface
461,skin_smooth,0.946895,0,arcface
462,skin_smooth,0.959339,0,arcface
463,skin_smooth,0.7918623,0,arcface
464,skin_smooth,0.98533475,0,arcface
465,skin_smooth,0.95763797,0,arcface
466,skin_smooth,0.96727866,0,arcface
467,skin_smooth,0.971068,0,arcface
468,skin_smooth,0.9674236,0,arcface
469,skin_smooth,0.9624007,0,arcface
470,skin_smooth,0.9550697,0,arcface
471,skin_smooth,0.9601529,0,arcface
472,skin_smooth,0.9666668,0,arcface
473,skin_smooth,0.97957957,0,arcface
474,skin_smooth,0.97615993,0,arcface
475,skin_smooth,0.95326346,0,arcface
476,skin_smooth,0.9412874,0,arcface
477,skin_smooth,0.9823534,0,arcface
478,skin_smooth,0.95748484,0,arcface
479,skin_smooth,0.96607316,0,arcface
480,skin_smooth,0.94237995,0,arcface
481,skin_smooth,0.9778994,0,arcface
482,skin_smooth,0.957927,0,arcface
483,skin_smooth,0.96051145,0,arcface
484,skin_smooth,0.9632166,0,arcface
485,skin_smooth,0.96201855,0,arcface
486,skin_smooth,0.85610634,0,arcface
487,skin_smooth,0.9153249,0,arcface
488,skin_smooth,0.97013116,0,arcface
489,skin_smooth,0.9649837,0,arcface
490,skin_smooth,0.9847812,0,arcface
491,skin_smooth,0.98314947,0,arcface
492,skin_smooth,0.9760569,0,arcface
493,skin_smooth,0.972905,0,arcface
494,skin_smooth,0.92413443,0,arcface
495,skin_smooth,0.90300596,0,arcface
496,skin_smooth,0.89984965,0,arcface
497,skin_smooth,0.9744002,0,arcface
498,skin_smooth,0.9767231,0,arcface
499,skin_smooth,0.9525152,0,arcface
500,skin_smooth,0.94767946,0,arcface
501,skin_smooth,0.9663627,0,arcface
502,skin_smooth,0.97318673,0,arcface
503,skin_smooth,0.9762408,0,arcface
504,skin_smooth,0.9150023,0,arcface
505,skin_smooth,0.97181624,0,arcface
506,skin_smooth,0.9620053,0,arcface
507,skin_smooth,0.9659949,0,arcface
508,skin_smooth,0.8947572,0,arcface
509,skin_smooth,0.96596205,0,arcface
510,skin_smooth,0.97206044,0,arcface
511,skin_smooth,0.8604452,0,arcface
512,skin_smooth,0.9438697,0,arcface
513,skin_smooth,0.9154502,0,arcface
514,skin_smooth,0.9675125,0,arcface
515,skin_smooth,0.9753108,0,arcface
516,skin_smooth,0.9726681,0,arcface
517,skin_smooth,0.9640925,0,arcface
518,skin_smooth,0.891074,0,arcface
519,skin_smooth,0.97999203,0,arcface
520,skin_smooth,0.961564,0,arcface
521,skin_smooth,0.9509671,0,arcface
522,skin_smooth,0.9703342,0,arcface
523,skin_smooth,0.86802226,0,arcface
524,skin_smooth,0.9747752,0,arcface
525,skin_smooth,0.96579593,0,arcface
526,skin_smooth,0.97459036,0,arcface
527,skin_smooth,0.983948,0,arcface
528,skin_smooth,0.9799725,0,arcface
529,skin_smooth,0.9824292,0,arcface
530,skin_smooth,0.9564996,0,arcface
531,skin_smooth,0.97509813,0,arcface
532,skin_smooth,0.9795218,0,arcface
533,skin_smooth,0.9001841,0,arcface
534,skin_smooth,0.97942656,0,arcface
535,skin_smooth,0.9712475,0,arcface
536,skin_smooth,0.92712957,0,arcface
537,skin_smooth,0.9589797,0,arcface
538,skin_smooth,0.93953,0,arcface
539,skin_smooth,0.986499,0,arcface
540,skin_smooth,0.9850086,0,arcface
541,skin_smooth,0.9787453,0,arcface
542,skin_smooth,0.94701403,0,arcface
543,skin_smooth,0.969886,0,arcface
544,skin_smooth,0.8863121,0,arcface
545,skin_smooth,0.9669976,0,arcface
546,skin_smooth,0.9061554,0,arcface
547,skin_smooth,0.8720564,0,arcface
548,skin_smooth,0.7605898,0,arcface
549,skin_smooth,0.9625758,0,arcface
550,skin_smooth,0.92451656,0,arcface
551,skin_smooth,0.964934,0,arcface
552,skin_smooth,0.93525463,0,arcface
553,skin_smooth,0.93631613,0,arcface
554,skin_smooth,0.9739036,0,arcface
555,skin_smooth,0.9688982,0,arcface
556,skin_smooth,0.94928324,0,arcface
557,skin_smooth,0.98025197,0,arcface
558,skin_smooth,0.9885919,0,arcface
559,skin_smooth,0.95602554,0,arcface
560,skin_smooth,0.9771996,0,arcface
561,skin_smooth,0.9144208,0,arcface
562,skin_smooth,0.97847444,0,arcface
563,skin_smooth,0.97861505,0,arcface
564,skin_smooth,0.9359203,0,arcface
565,skin_smooth,0.8933062,0,arcface
566,skin_smooth,0.9652943,0,arcface
567,skin_smooth,0.9436157,0,arcface
568,skin_smooth,0.9787972,0,arcface
569,skin_smooth,0.96549827,0,arcface
570,skin_smooth,0.9545744,0,arcface
571,skin_smooth,0.9755042,0,arcface
572,skin_smooth,0.9608516,0,arcface
573,skin_smooth,0.9400095,0,arcface
574,skin_smooth,0.9717905,0,arcface
575,skin_smooth,0.96366197,0,arcface
576,skin_smooth,0.97838485,0,arcface
577,skin_smooth,0.96560365,0,arcface
578,skin_smooth,0.97809494,0,arcface
579,skin_smooth,0.9820289,0,arcface
580,skin_smooth,0.97185814,0,arcface
581,skin_smooth,0.96452206,0,arcface
582,skin_smooth,0.94228053,0,arcface
583,skin_smooth,0.8819889,0,arcface
584,skin_smooth,0.8963198,0,arcface
585,skin_smooth,0.99039716,0,arcface
586,skin_smooth,0.9071936,0,arcface
587,skin_smooth,0.92978024,0,arcface
588,skin_smooth,0.98232436,0,arcface
589,skin_smooth,0.9252338,0,arcface
590,skin_smooth,0.9795797,0,arcface
591,skin_smooth,0.96972036,0,arcface
592,skin_smooth,0.95349634,0,arcface
593,skin_smooth,0.8340578,0,arcface
594,skin_smooth,0.83723706,0,arcface
595,skin_smooth,0.9624781,0,arcface
596,skin_smooth,0.97560716,0,arcface
597,skin_smooth,0.9364287,0,arcface
598,skin_smooth,0.948946,0,arcface
599,skin_smooth,0.97719115,0,arcface
0,eye_enlarge,0.96728504,1,arcface
1,eye_enlarge,0.9833856,1,arcface
2,eye_enlarge,0.9722394,1,arcface
3,eye_enlarge,0.9772033,1,arcface
4,eye_enlarge,0.98890394,1,arcface
5,eye_enlarge,0.98376304,1,arcface
6,eye_enlarge,0.9455651,1,arcface
7,eye_enlarge,0.91695905,1,arcface
8,eye_enlarge,0.855016,1,arcface
9,eye_enlarge,0.95703316,1,arcface
10,eye_enlarge,0.9860281,1,arcface
11,eye_enlarge,0.84199107,1,arcface
12,eye_enlarge,0.9798312,1,arcface
13,eye_enlarge,0.98671854,1,arcface
14,eye_enlarge,0.9607641,1,arcface
15,eye_enlarge,0.95463955,1,arcface
16,eye_enlarge,0.9805136,1,arcface
17,eye_enlarge,0.91943383,1,arcface
18,eye_enlarge,0.92243654,1,arcface
19,eye_enlarge,0.7122152,1,arcface
20,eye_enlarge,0.98594356,1,arcface
21,eye_enlarge,0.9850223,1,arcface
22,eye_enlarge,0.9697415,1,arcface
23,eye_enlarge,0.99016565,1,arcface
24,eye_enlarge,0.7378512,1,arcface
25,eye_enlarge,0.9822154,1,arcface
26,eye_enlarge,0.9557863,1,arcface
27,eye_enlarge,0.9646932,1,arcface
28,eye_enlarge,0.9657241,1,arcface
29,eye_enlarge,0.9539135,1,arcface
30,eye_enlarge,0.9285309,1,arcface
31,eye_enlarge,0.9786586,1,arcface
32,eye_enlarge,0.9776287,1,arcface
33,eye_enlarge,0.9721161,1,arcface
34,eye_enlarge,0.98485345,1,arcface
35,eye_enlarge,0.9707735,1,arcface
36,eye_enlarge,0.92640966,1,arcface
37,eye_enlarge,0.98898315,1,arcface
38,eye_enlarge,0.9847334,1,arcface
39,eye_enlarge,0.9809787,1,arcface
40,eye_enlarge,0.93874544,1,arcface
41,eye_enlarge,0.9794394,1,arcface
42,eye_enlarge,0.93316436,1,arcface
43,eye_enlarge,0.9860136,1,arcface
44,eye_enlarge,0.93646103,1,arcface
45,eye_enlarge,0.9689677,1,arcface
46,eye_enlarge,0.9105004,1,arcface
47,eye_enlarge,0.98945075,1,arcface
48,eye_enlarge,0.9445225,1,arcface
49,eye_enlarge,0.7672682,1,arcface
50,eye_enlarge,0.9653671,1,arcface
51,eye_enlarge,0.9324691,1,arcface
52,eye_enlarge,0.9428647,1,arcface
53,eye_enlarge,0.9475601,1,arcface
54,eye_enlarge,0.8085979,1,arcface
55,eye_enlarge,0.9734269,1,arcface
56,eye_enlarge,0.979034,1,arcface
57,eye_enlarge,0.9863147,1,arcface
58,eye_enlarge,0.95484674,1,arcface
59,eye_enlarge,0.9483273,1,arcface
60,eye_enlarge,0.98914206,1,arcface
61,eye_enlarge,0.9756203,1,arcface
62,eye_enlarge,0.9468861,1,arcface
63,eye_enlarge,0.8295221,1,arcface
64,eye_enlarge,0.8487888,1,arcface
65,eye_enlarge,0.98919183,1,arcface
66,eye_enlarge,0.98818004,1,arcface
67,eye_enlarge,0.9820052,1,arcface
68,eye_enlarge,0.96730316,1,arcface
69,eye_enlarge,0.9788537,1,arcface
70,eye_enlarge,0.9677557,1,arcface
71,eye_enlarge,0.9895513,1,arcface
72,eye_enlarge,0.9869174,1,arcface
73,eye_enlarge,0.89514047,1,arcface
74,eye_enlarge,0.865547,1,arcface
75,eye_enlarge,0.9242908,1,arcface
76,eye_enlarge,0.9786628,1,arcface
77,eye_enlarge,0.9333872,1,arcface
78,eye_enlarge,0.91647637,1,arcface
79,eye_enlarge,0.94910276,1,arcface
80,eye_enlarge,0.9843526,1,arcface
81,eye_enlarge,0.9302669,1,arcface
82,eye_enlarge,0.98116773,1,arcface
83,eye_enlarge,0.9700459,1,arcface
84,eye_enlarge,0.9845422,1,arcface
85,eye_enlarge,0.9891449,1,arcface
86,eye_enlarge,0.90974516,1,arcface
87,eye_enlarge,0.9890921,1,arcface
88,eye_enlarge,0.9734223,1,arcface
89,eye_enlarge,0.8991794,1,arcface
90,eye_enlarge,0.9755186,1,arcface
91,eye_enlarge,0.9720585,1,arcface
92,eye_enlarge,0.97722447,1,arcface
93,eye_enlarge,0.8190554,1,arcface
94,eye_enlarge,0.8990087,1,arcface
95,eye_enlarge,0.9651076,1,arcface
96,eye_enlarge,0.97066116,1,arcface
97,eye_enlarge,0.94425786,1,arcface
98,eye_enlarge,0.9736922,1,arcface
99,eye_enlarge,0.9861374,1,arcface
100,eye_enlarge,0.94321674,1,arcface
101,eye_enlarge,0.95207536,1,arcface
102,eye_enlarge,0.94675744,1,arcface
103,eye_enlarge,0.9713523,1,arcface
104,eye_enlarge,0.9514113,1,arcface
105,eye_enlarge,0.976369,1,arcface
106,eye_enlarge,0.97656727,1,arcface
107,eye_enlarge,0.9391729,1,arcface
108,eye_enlarge,0.9454129,1,arcface
109,eye_enlarge,0.90632164,1,arcface
110,eye_enlarge,0.93389237,1,arcface
111,eye_enlarge,0.96590805,1,arcface
112,eye_enlarge,0.94754755,1,arcface
113,eye_enlarge,0.9319603,1,arcface
114,eye_enlarge,0.9881498,1,arcface
115,eye_enlarge,0.92992455,1,arcface
116,eye_enlarge,0.8552332,1,arcface
117,eye_enlarge,0.8838165,1,arcface
118,eye_enlarge,0.8846941,1,arcface
119,eye_enlarge,0.8563331,1,arcface
120,eye_enlarge,0.96523637,1,arcface
121,eye_enlarge,0.96894073,1,arcface
122,eye_enlarge,0.9777774,1,arcface
123,eye_enlarge,0.9792737,1,arcface
124,eye_enlarge,0.9715735,1,arcface
125,eye_enlarge,0.9774303,1,arcface
126,eye_enlarge,0.91328806,1,arcface
127,eye_enlarge,0.97387224,1,arcface
128,eye_enlarge,0.9494896,1,arcface
129,eye_enlarge,0.8941734,1,arcface
130,eye_enlarge,0.937483,1,arcface
131,eye_enlarge,0.9017671,1,arcface
132,eye_enlarge,0.9343123,1,arcface
133,eye_enlarge,0.94685435,1,arcface
134,eye_enlarge,0.9727572,1,arcface
135,eye_enlarge,0.9709601,1,arcface
136,eye_enlarge,0.9676439,1,arcface
137,eye_enlarge,0.893824,1,arcface
138,eye_enlarge,0.916375,1,arcface
139,eye_enlarge,0.9644031,1,arcface
140,eye_enlarge,0.9744464,1,arcface
141,eye_enlarge,0.9872599,1,arcface
142,eye_enlarge,0.9662643,1,arcface
143,eye_enlarge,0.9725934,1,arcface
144,eye_enlarge,0.95123035,1,arcface
145,eye_enlarge,0.9775629,1,arcface
146,eye_enlarge,0.9696465,1,arcface
147,eye_enlarge,0.937024,1,arcface
148,eye_enlarge,0.9075045,1,arcface
149,eye_enlarge,0.98201406,1,arcface
150,eye_enlarge,0.98600394,1,arcface
151,eye_enlarge,0.9118076,1,arcface
152,eye_enlarge,0.9719389,1,arcface
153,eye_enlarge,0.94267315,1,arcface
154,eye_enlarge,0.9259259,1,arcface
155,eye_enlarge,0.93829715,1,arcface
156,eye_enlarge,0.91541487,1,arcface
157,eye_enlarge,0.97644633,1,arcface
158,eye_enlarge,0.9388074,1,arcface
159,eye_enlarge,0.95379883,1,arcface
160,eye_enlarge,0.94335353,1,arcface
161,eye_enlarge,0.9855167,1,arcface
162,eye_enlarge,0.9689201,1,arcface
163,eye_enlarge,0.9840578,1,arcface
164,eye_enlarge,0.99052733,1,arcface
165,eye_enlarge,0.96949124,1,arcface
166,eye_enlarge,0.9656776,1,arcface
167,eye_enlarge,0.9794282,1,arcface
168,eye_enlarge,0.941501,1,arcface
169,eye_enlarge,0.89768225,1,arcface
170,eye_enlarge,0.97612447,1,arcface
171,eye_enlarge,0.9554112,1,arcface
172,eye_enlarge,0.97299504,1,arcface
173,eye_enlarge,0.98818743,1,arcface
174,eye_enlarge,0.9826176,1,arcface
175,eye_enlarge,0.9909229,1,arcface
176,eye_enlarge,0.9884212,1,arcface
177,eye_enlarge,0.98834354,1,arcface
178,eye_enlarge,0.9853424,1,arcface
179,eye_enlarge,0.98039055,1,arcface
180,eye_enlarge,0.9678735,1,arcface
181,eye_enlarge,0.9569579,1,arcface
182,eye_enlarge,0.19253603,1,arcface
183,eye_enlarge,0.27626613,1,arcface
184,eye_enlarge,0.94760454,1,arcface
185,eye_enlarge,0.9771048,1,arcface
186,eye_enlarge,0.98118484,1,arcface
187,eye_enlarge,0.9342475,1,arcface
188,eye_enlarge,0.97704387,1,arcface
189,eye_enlarge,0.9541937,1,arcface
190,eye_enlarge,0.96855885,1,arcface
191,eye_enlarge,0.98503566,1,arcface
192,eye_enlarge,0.97460496,1,arcface
193,eye_enlarge,0.9511529,1,arcface
194,eye_enlarge,0.9452875,1,arcface
195,eye_enlarge,0.9396084,1,arcface
196,eye_enlarge,0.93990064,1,arcface
197,eye_enlarge,0.89445424,1,arcface
198,eye_enlarge,0.9791779,1,arcface
199,eye_enlarge,0.991623,1,arcface
200,eye_enlarge,0.9747289,1,arcface
201,eye_enlarge,0.9833975,1,arcface
202,eye_enlarge,0.9596764,1,arcface
203,eye_enlarge,0.9555153,1,arcface
204,eye_enlarge,0.9549906,1,arcface
205,eye_enlarge,0.9290126,1,arcface
206,eye_enlarge,0.9870706,1,arcface
207,eye_enlarge,0.98901886,1,arcface
208,eye_enlarge,0.9902862,1,arcface
209,eye_enlarge,0.99100965,1,arcface
210,eye_enlarge,0.9795779,1,arcface
211,eye_enlarge,0.9709602,1,arcface
212,eye_enlarge,0.9821346,1,arcface
213,eye_enlarge,0.9905501,1,arcface
214,eye_enlarge,0.9860131,1,arcface
215,eye_enlarge,0.9700982,1,arcface
216,eye_enlarge,0.9592627,1,arcface
217,eye_enlarge,0.990364,1,arcface
218,eye_enlarge,0.9564396,1,arcface
219,eye_enlarge,0.9862225,1,arcface
220,eye_enlarge,0.9880792,1,arcface
221,eye_enlarge,0.9842197,1,arcface
222,eye_enlarge,0.9841539,1,arcface
223,eye_enlarge,0.9695382,1,arcface
224,eye_enlarge,0.91468906,1,arcface
225,eye_enlarge,0.9538118,1,arcface
226,eye_enlarge,0.9240935,1,arcface
227,eye_enlarge,0.9820888,1,arcface
228,eye_enlarge,0.9753879,1,arcface
229,eye_enlarge,0.9868086,1,arcface
230,eye_enlarge,0.9901755,1,arcface
231,eye_enlarge,0.98616785,1,arcface
232,eye_enlarge,0.9869031,1,arcface
233,eye_enlarge,0.92162955,1,arcface
234,eye_enlarge,0.9867013,1,arcface
235,eye_enlarge,0.9744909,1,arcface
236,eye_enlarge,0.9704293,1,arcface
237,eye_enlarge,0.9602292,1,arcface
238,eye_enlarge,0.76110643,1,arcface
239,eye_enlarge,0.9701299,1,arcface
240,eye_enlarge,0.9507716,1,arcface
241,eye_enlarge,0.9688708,1,arcface
242,eye_enlarge,0.94797134,1,arcface
243,eye_enlarge,0.98099804,1,arcface
244,eye_enlarge,0.98421395,1,arcface
245,eye_enlarge,0.9791609,1,arcface
246,eye_enlarge,0.98080194,1,arcface
247,eye_enlarge,0.8843718,1,arcface
248,eye_enlarge,0.9507343,1,arcface
249,eye_enlarge,0.9832305,1,arcface
250,eye_enlarge,0.96121997,1,arcface
251,eye_enlarge,0.9504494,1,arcface
252,eye_enlarge,0.9592538,1,arcface
253,eye_enlarge,0.9731744,1,arcface
254,eye_enlarge,0.9717253,1,arcface
255,eye_enlarge,0.9208666,1,arcface
256,eye_enlarge,0.9704336,1,arcface
257,eye_enlarge,0.9830928,1,arcface
258,eye_enlarge,0.9704658,1,arcface
259,eye_enlarge,0.972889,1,arcface
260,eye_enlarge,0.9698807,1,arcface
261,eye_enlarge,0.9713956,1,arcface
262,eye_enlarge,0.9540445,1,arcface
263,eye_enlarge,0.98409736,1,arcface
264,eye_enlarge,0.9851768,1,arcface
265,eye_enlarge,0.9865101,1,arcface
266,eye_enlarge,0.9532716,1,arcface
267,eye_enlarge,0.85123324,1,arcface
268,eye_enlarge,0.9326721,1,arcface
269,eye_enlarge,0.9605874,1,arcface
270,eye_enlarge,0.98984873,1,arcface
271,eye_enlarge,0.9860827,1,arcface
272,eye_enlarge,0.9728942,1,arcface
273,eye_enlarge,0.95366985,1,arcface
274,eye_enlarge,0.97905076,1,arcface
275,eye_enlarge,0.96364105,1,arcface
276,eye_enlarge,0.94313407,1,arcface
277,eye_enlarge,0.9234046,1,arcface
278,eye_enlarge,0.9217289,1,arcface
279,eye_enlarge,0.98052156,1,arcface
280,eye_enlarge,0.97325104,1,arcface
281,eye_enlarge,0.9235362,1,arcface
282,eye_enlarge,0.96544373,1,arcface
283,eye_enlarge,0.8862088,1,arcface
284,eye_enlarge,0.98310244,1,arcface
285,eye_enlarge,0.97761035,1,arcface
286,eye_enlarge,0.9805159,1,arcface
287,eye_enlarge,0.96567845,1,arcface
288,eye_enlarge,0.979662,1,arcface
289,eye_enlarge,0.7311828,1,arcface
290,eye_enlarge,0.97502327,1,arcface
291,eye_enlarge,0.8189914,1,arcface
292,eye_enlarge,0.9420367,1,arcface
293,eye_enlarge,0.96210456,1,arcface
294,eye_enlarge,0.98971856,1,arcface
295,eye_enlarge,0.972627,1,arcface
296,eye_enlarge,0.97339636,1,arcface
297,eye_enlarge,0.9502993,1,arcface
298,eye_enlarge,0.9728871,1,arcface
299,eye_enlarge,0.9857364,1,arcface
300,eye_enlarge,0.96343106,0,arcface
301,eye_enlarge,0.9602719,0,arcface
302,eye_enlarge,0.9479928,0,arcface
303,eye_enlarge,0.9641885,0,arcface
304,eye_enlarge,0.9717332,0,arcface
305,eye_enlarge,0.9497826,0,arcface
306,eye_enlarge,0.8749275,0,arcface
307,eye_enlarge,0.9639884,0,arcface
308,eye_enlarge,0.9768732,0,arcface
309,eye_enlarge,0.95935035,0,arcface
310,eye_enlarge,0.95007807,0,arcface
311,eye_enlarge,0.9632315,0,arcface
312,eye_enlarge,0.9704725,0,arcface
313,eye_enlarge,0.9728506,0,arcface
314,eye_enlarge,0.9861186,0,arcface
315,eye_enlarge,0.9653019,0,arcface
316,eye_enlarge,0.9833289,0,arcface
317,eye_enlarge,0.8294133,0,arcface
318,eye_enlarge,0.96441644,0,arcface
319,eye_enlarge,0.9671985,0,arcface
320,eye_enlarge,0.98346025,0,arcface
321,eye_enlarge,0.97266567,0,arcface
322,eye_enlarge,0.9514358,0,arcface
323,eye_enlarge,0.95995516,0,arcface
324,eye_enlarge,0.9326264,0,arcface
325,eye_enlarge,0.9147528,0,arcface
326,eye_enlarge,0.9864715,0,arcface
327,eye_enlarge,0.80817336,0,arcface
328,eye_enlarge,0.9708177,0,arcface
329,eye_enlarge,0.94248223,0,arcface
330,eye_enlarge,0.96314454,0,arcface
331,eye_enlarge,0.95442086,0,arcface
332,eye_enlarge,0.9430769,0,arcface
333,eye_enlarge,0.96084356,0,arcface
334,eye_enlarge,0.99087924,0,arcface
335,eye_enlarge,0.9753817,0,arcface
336,eye_enlarge,0.97725445,0,arcface
337,eye_enlarge,0.9612805,0,arcface
338,eye_enlarge,0.64677876,0,arcface
339,eye_enlarge,0.65969276,0,arcface
340,eye_enlarge,0.68163633,0,arcface
341,eye_enlarge,0.97811985,0,arcface
342,eye_enlarge,0.98166025,0,arcface
343,eye_enlarge,0.9258312,0,arcface
344,eye_enlarge,0.9727339,0,arcface
345,eye_enlarge,0.89590216,0,arcface
346,eye_enlarge,0.94441885,0,arcface
347,eye_enlarge,0.96093667,0,arcface
348,eye_enlarge,0.9829932,0,arcface
349,eye_enlarge,0.71421546,0,arcface
350,eye_enlarge,0.8901177,0,arcface
351,eye_enlarge,0.92333394,0,arcface
352,eye_enlarge,0.96348596,0,arcface
353,eye_enlarge,0.950284,0,arcface
354,eye_enlarge,0.9307432,0,arcface
355,eye_enlarge,0.9849702,0,arcface
356,eye_enlarge,0.7038917,0,arcface
357,eye_enlarge,0.9533716,0,arcface
358,eye_enlarge,0.80780435,0,arcface
359,eye_enlarge,0.96611637,0,arcface
360,eye_enlarge,0.9797773,0,arcface
361,eye_enlarge,0.97377455,0,arcface
362,eye_enlarge,0.9309184,0,arcface
363,eye_enlarge,0.87964135,0,arcface
364,eye_enlarge,0.9795031,0,arcface
365,eye_enlarge,0.97477716,0,arcface
366,eye_enlarge,0.9748879,0,arcface
367,eye_enlarge,0.92948,0,arcface
368,eye_enlarge,0.9716484,0,arcface
369,eye_enlarge,0.9766035,0,arcface
370,eye_enlarge,0.9764608,0,arcface
371,eye_enlarge,0.9386974,0,arcface
372,eye_enlarge,0.9228149,0,arcface
373,eye_enlarge,0.9673414,0,arcface
374,eye_enlarge,0.96317667,0,arcface
375,eye_enlarge,0.9598035,0,arcface
376,eye_enlarge,0.9272788,0,arcface
377,eye_enlarge,0.96636665,0,arcface
378,eye_enlarge,0.92571026,0,arcface
379,eye_enlarge,0.9546922,0,arcface
380,eye_enlarge,0.91855663,0,arcface
381,eye_enlarge,0.9715375,0,arcface
382,eye_enlarge,0.9590889,0,arcface
383,eye_enlarge,0.9099879,0,arcface
384,eye_enlarge,0.96803635,0,arcface
385,eye_enlarge,0.9700463,0,arcface
386,eye_enlarge,0.9628174,0,arcface
387,eye_enlarge,0.99066514,0,arcface
388,eye_enlarge,0.9734704,0,arcface
389,eye_enlarge,0.9701785,0,arcface
390,eye_enlarge,0.95929873,0,arcface
391,eye_enlarge,0.79164106,0,arcface
392,eye_enlarge,0.8421724,0,arcface
393,eye_enlarge,0.98422503,0,arcface
394,eye_enlarge,0.96223813,0,arcface
395,eye_enlarge,0.98404884,0,arcface
396,eye_enlarge,0.9776182,0,arcface
397,eye_enlarge,0.97812015,0,arcface
398,eye_enlarge,0.8643592,0,arcface
399,eye_enlarge,0.9616526,0,arcface
400,eye_enlarge,0.97206247,0,arcface
401,eye_enlarge,0.9788514,0,arcface
402,eye_enlarge,0.9749864,0,arcface
403,eye_enlarge,0.9751438,0,arcface
404,eye_enlarge,0.91006136,0,arcface
405,eye_enlarge,0.7712263,0,arcface
406,eye_enlarge,0.9247594,0,arcface
407,eye_enlarge,0.98169035,0,arcface
408,eye_enlarge,0.96459746,0,arcface
409,eye_enlarge,0.98363864,0,arcface
410,eye_enlarge,0.9581126,0,arcface
411,eye_enlarge,0.96366566,0,arcface
412,eye_enlarge,0.9525109,0,arcface
413,eye_enlarge,0.97697705,0,arcface
414,eye_enlarge,0.92234635,0,arcface
415,eye_enlarge,0.9241122,0,arcface
416,eye_enlarge,0.97281665,0,arcface
417,eye_enlarge,0.982482,0,arcface
418,eye_enlarge,0.9830744,0,arcface
419,eye_enlarge,0.9382235,0,arcface
420,eye_enlarge,0.9248773,0,arcface
421,eye_enlarge,0.97871125,0,arcface
422,eye_enlarge,0.931334,0,arcface
423,eye_enlarge,0.86801004,0,arcface
424,eye_enlarge,0.97046995,0,arcface
425,eye_enlarge,0.96511644,0,arcface
426,eye_enlarge,0.9734663,0,arcface
427,eye_enlarge,0.9065432,0,arcface
428,eye_enlarge,0.932427,0,arcface
429,eye_enlarge,0.7607463,0,arcface
430,eye_enlarge,0.92635167,0,arcface
431,eye_enlarge,0.9204584,0,arcface
432,eye_enlarge,0.93744516,0,arcface
433,eye_enlarge,0.9376013,0,arcface
434,eye_enlarge,0.97892135,0,arcface
435,eye_enlarge,0.9453271,0,arcface
436,eye_enlarge,0.98271865,0,arcface
437,eye_enlarge,0.98662657,0,arcface
438,eye_enlarge,0.9245871,0,arcface
439,eye_enlarge,0.93323475,0,arcface
440,eye_enlarge,0.96199477,0,arcface
441,eye_enlarge,0.9681855,0,arcface
442,eye_enlarge,0.9811108,0,arcface
443,eye_enlarge,0.9477525,0,arcface
444,eye_enlarge,0.9799992,0,arcface
445,eye_enlarge,0.9776647,0,arcface
446,eye_enlarge,0.9150659,0,arcface
447,eye_enlarge,0.9158946,0,arcface
448,eye_enlarge,0.8460221,0,arcface
449,eye_enlarge,0.93657434,0,arcface
450,eye_enlarge,0.9455287,0,arcface
451,eye_enlarge,0.98137254,0,arcface
452,eye_enlarge,0.9202886,0,arcface
453,eye_enlarge,0.9731954,0,arcface
454,eye_enlarge,0.91947603,0,arcface
455,eye_enlarge,0.9579369,0,arcface
456,eye_enlarge,0.97048247,0,arcface
457,eye_enlarge,0.9655909,0,arcface
458,eye_enlarge,0.9777902,0,arcface
459,eye_enlarge,0.9378509,0,arcface
460,eye_enlarge,0.9762715,0,arcface
461,eye_enlarge,0.91549414,0,arcface
462,eye_enlarge,0.9249087,0,arcface
463,eye_enlarge,0.78210825,0,arcface
464,eye_enlarge,0.98447764,0,arcface
465,eye_enlarge,0.95623755,0,arcface
466,eye_enlarge,0.96236795,0,arcface
467,eye_enlarge,0.9678833,0,arcface
468,eye_enlarge,0.96766144,0,arcface
469,eye_enlarge,0.957951,0,arcface
470,eye_enlarge,0.9459614,0,arcface
471,eye_enlarge,0.95480657,0,arcface
472,eye_enlarge,0.94979596,0,arcface
473,eye_enlarge,0.97856164,0,arcface
474,eye_enlarge,0.970807,0,arcface
475,eye_enlarge,0.9668737,0,arcface
476,eye_enlarge,0.9132384,0,arcface
477,eye_enlarge,0.983548,0,arcface
478,eye_enlarge,0.96426284,0,arcface
479,eye_enlarge,0.969078,0,arcface
480,eye_enlarge,0.9410361,0,arcface
481,eye_enlarge,0.97815067,0,arcface
482,eye_enlarge,0.94998074,0,arcface
483,eye_enlarge,0.9608332,0,arcface
484,eye_enlarge,0.965359,0,arcface
485,eye_enlarge,0.9628085,0,arcface
486,eye_enlarge,0.8020579,0,arcface
487,eye_enlarge,0.8762214,0,arcface
488,eye_enlarge,0.9298319,0,arcface
489,eye_enlarge,0.96603537,0,arcface
490,eye_enlarge,0.98564184,0,arcface
491,eye_enlarge,0.98271406,0,arcface
492,eye_enlarge,0.967912,0,arcface
493,eye_enlarge,0.9715519,0,arcface
494,eye_enlarge,0.92327094,0,arcface
495,eye_enlarge,0.9065071,0,arcface
496,eye_enlarge,0.85581636,0,arcface
497,eye_enlarge,0.9693241,0,arcface
498,eye_enlarge,0.98155785,0,arcface
499,eye_enlarge,0.9544022,0,arcface
500,eye_enlarge,0.9390145,0,arcface
501,eye_enlarge,0.9641429,0,arcface
502,eye_enlarge,0.96666634,0,arcface
503,eye_enlarge,0.9784526,0,arcface
504,eye_enlarge,0.88063455,0,arcface
505,eye_enlarge,0.9679329,0,arcface
506,eye_enlarge,0.9593113,0,arcface
507,eye_enlarge,0.9607014,0,arcface
508,eye_enlarge,0.8374492,0,arcface
509,eye_enlarge,0.9625909,0,arcface
510,eye_enlarge,0.96963334,0,arcface
511,eye_enlarge,0.86645764,0,arcface
512,eye_enlarge,0.94116235,0,arcface
513,eye_enlarge,0.8978954,0,arcface
514,eye_enlarge,0.967542,0,arcface
515,eye_enlarge,0.9702623,0,arcface
516,eye_enlarge,0.9717873,0,arcface
517,eye_enlarge,0.9637679,0,arcface
518,eye_enlarge,0.90531075,0,arcface
519,eye_enlarge,0.97895205,0,arcface
520,eye_enlarge,0.92809534,0,arcface
521,eye_enlarge,0.93850726,0,arcface
522,eye_enlarge,0.97111124,0,arcface
523,eye_enlarge,0.8599968,0,arcface
524,eye_enlarge,0.9682075,0,arcface
525,eye_enlarge,0.9663586,0,arcface
526,eye_enlarge,0.9756267,0,arcface
527,eye_enlarge,0.9834337,0,arcface
528,eye_enlarge,0.9773222,0,arcface
529,eye_enlarge,0.98221457,0,arcface
530,eye_enlarge,0.94758475,0,arcface
531,eye_enlarge,0.97542894,0,arcface
532,eye_enlarge,0.9785638,0,arcface
533,eye_enlarge,0.8022296,0,arcface
534,eye_enlarge,0.97737074,0,arcface
535,eye_enlarge,0.9686337,0,arcface
536,eye_enlarge,0.908438,0,arcface
537,eye_enlarge,0.97498876,0,arcface
538,eye_enlarge,0.9233137,0,arcface
539,eye_enlarge,0.98628366,0,arcface
540,eye_enlarge,0.9852437,0,arcface
541,eye_enlarge,0.9755391,0,arcface
542,eye_enlarge,0.90617484,0,arcface
543,eye_enlarge,0.95288515,0,arcface
544,eye_enlarge,0.85380167,0,arcface
545,eye_enlarge,0.9589158,0,arcface
546,eye_enlarge,0.8781429,0,arcface
547,eye_enlarge,0.7970836,0,arcface
548,eye_enlarge,0.6560485,0,arcface
549,eye_enlarge,0.9528683,0,arcface
550,eye_enlarge,0.9056849,0,arcface
551,eye_enlarge,0.97237414,0,arcface
552,eye_enlarge,0.92624307,0,arcface
553,eye_enlarge,0.9371432,0,arcface
554,eye_enlarge,0.9757429,0,arcface
555,eye_enlarge,0.96137625,0,arcface
556,eye_enlarge,0.9435159,0,arcface
557,eye_enlarge,0.9719621,0,arcface
558,eye_enlarge,0.98838943,0,arcface
559,eye_enlarge,0.9456681,0,arcface
560,eye_enlarge,0.97584665,0,arcface
561,eye_enlarge,0.9203654,0,arcface
562,eye_enlarge,0.9780467,0,arcface
563,eye_enlarge,0.9800109,0,arcface
564,eye_enlarge,0.94336385,0,arcface
565,eye_enlarge,0.9035348,0,arcface
566,eye_enlarge,0.9606032,0,arcface
567,eye_enlarge,0.9210884,0,arcface
568,eye_enlarge,0.9743908,0,arcface
569,eye_enlarge,0.96595025,0,arcface
570,eye_enlarge,0.9488671,0,arcface
571,eye_enlarge,0.9718129,0,arcface
572,eye_enlarge,0.9552655,0,arcface
573,eye_enlarge,0.91098726,0,arcface
574,eye_enlarge,0.97016424,0,arcface
575,eye_enlarge,0.9630375,0,arcface
576,eye_enlarge,0.97934246,0,arcface
577,eye_enlarge,0.95815253,0,arcface
578,eye_enlarge,0.97732824,0,arcface
579,eye_enlarge,0.9811623,0,arcface
580,eye_enlarge,0.9724158,0,arcface
581,eye_enlarge,0.9636854,0,arcface
582,eye_enlarge,0.92904073,0,arcface
583,eye_enlarge,0.8597485,0,arcface
584,eye_enlarge,0.86912704,0,arcface
585,eye_enlarge,0.98855126,0,arcface
586,eye_enlarge,0.88036776,0,arcface
587,eye_enlarge,0.9295583,0,arcface
588,eye_enlarge,0.9790356,0,arcface
589,eye_enlarge,0.8911603,0,arcface
590,eye_enlarge,0.97718704,0,arcface
591,eye_enlarge,0.9680642,0,arcface
592,eye_enlarge,0.95010394,0,arcface
593,eye_enlarge,0.82554275,0,arcface
594,eye_enlarge,0.8312873,0,arcface
595,eye_enlarge,0.9613092,0,arcface
596,eye_enlarge,0.9745982,0,arcface
597,eye_enlarge,0.9485006,0,arcface
598,eye_enlarge,0.937005,0,arcface
599,eye_enlarge,0.9753676,0,arcface
0,face_slim,0.9794449,1,arcface
1,face_slim,0.981849,1,arcface
2,face_slim,0.9757061,1,arcface
3,face_slim,0.97950035,1,arcface
4,face_slim,0.9912092,1,arcface
5,face_slim,0.98445314,1,arcface
6,face_slim,0.9470937,1,arcface
7,face_slim,0.9252218,1,arcface
8,face_slim,0.8851834,1,arcface
9,face_slim,0.95502317,1,arcface
10,face_slim,0.9875538,1,arcface
11,face_slim,0.9082972,1,arcface
12,face_slim,0.9771446,1,arcface
13,face_slim,0.98659664,1,arcface
14,face_slim,0.97185546,1,arcface
15,face_slim,0.9610042,1,arcface
16,face_slim,0.9835743,1,arcface
17,face_slim,0.9126776,1,arcface
18,face_slim,0.9500413,1,arcface
19,face_slim,0.8234411,1,arcface
20,face_slim,0.9847482,1,arcface
21,face_slim,0.98719066,1,arcface
22,face_slim,0.97876966,1,arcface
23,face_slim,0.98918355,1,arcface
24,face_slim,0.81707466,1,arcface
25,face_slim,0.9852947,1,arcface
26,face_slim,0.97192085,1,arcface
27,face_slim,0.9724116,1,arcface
28,face_slim,0.97371113,1,arcface
29,face_slim,0.9741802,1,arcface
30,face_slim,0.94630533,1,arcface
31,face_slim,0.9812187,1,arcface
32,face_slim,0.9802405,1,arcface
33,face_slim,0.95614475,1,arcface
34,face_slim,0.9850454,1,arcface
35,face_slim,0.97528005,1,arcface
36,face_slim,0.9535047,1,arcface
37,face_slim,0.989093,1,arcface
38,face_slim,0.98375577,1,arcface
39,face_slim,0.98355514,1,arcface
40,face_slim,0.9659502,1,arcface
41,face_slim,0.9773955,1,arcface
42,face_slim,0.95134497,1,arcface
43,face_slim,0.98481447,1,arcface
44,face_slim,0.955601,1,arcface
45,face_slim,0.9682778,1,arcface
46,face_slim,0.9341835,1,arcface
47,face_slim,0.9874853,1,arcface
48,face_slim,0.95773375,1,arcface
49,face_slim,0.84435856,1,arcface
50,face_slim,0.96708167,1,arcface
51,face_slim,0.9536221,1,arcface
52,face_slim,0.95179904,1,arcface
53,face_slim,0.9432119,1,arcface
54,face_slim,0.8896634,1,arcface
55,face_slim,0.97796714,1,arcface
56,face_slim,0.9762121,1,arcface
57,face_slim,0.98615414,1,arcface
58,face_slim,0.9687135,1,arcface
59,face_slim,0.9622466,1,arcface
60,face_slim,0.98808646,1,arcface
61,face_slim,0.98679656,1,arcface
62,face_slim,0.9401021,1,arcface
63,face_slim,0.9176021,1,arcface
64,face_slim,0.90603954,1,arcface
65,face_slim,0.9908581,1,arcface
66,face_slim,0.9876803,1,arcface
67,face_slim,0.986145,1,arcface
68,face_slim,0.96561736,1,arcface
69,face_slim,0.97395587,1,arcface
70,face_slim,0.9735133,1,arcface
71,face_slim,0.988179,1,arcface
72,face_slim,0.9861334,1,arcface
73,face_slim,0.8985541,1,arcface
74,face_slim,0.8712532,1,arcface
75,face_slim,0.94629484,1,arcface
76,face_slim,0.9843394,1,arcface
77,face_slim,0.9731421,1,arcface
78,face_slim,0.9561762,1,arcface
79,face_slim,0.97009635,1,arcface
80,face_slim,0.9823521,1,arcface
81,face_slim,0.96195996,1,arcface
82,face_slim,0.9860662,1,arcface
83,face_slim,0.9734015,1,arcface
84,face_slim,0.9860004,1,arcface
85,face_slim,0.987752,1,arcface
86,face_slim,0.9172032,1,arcface
87,face_slim,0.98970747,1,arcface
88,face_slim,0.9731407,1,arcface
89,face_slim,0.96185046,1,arcface
90,face_slim,0.98023564,1,arcface
91,face_slim,0.97749823,1,arcface
92,face_slim,0.9824198,1,arcface
93,face_slim,0.9150492,1,arcface
94,face_slim,0.95810026,1,arcface
95,face_slim,0.9779819,1,arcface
96,face_slim,0.9744718,1,arcface
97,face_slim,0.93862087,1,arcface
98,face_slim,0.9741118,1,arcface
99,face_slim,0.9897509,1,arcface
100,face_slim,0.95935214,1,arcface
101,face_slim,0.97394204,1,arcface
102,face_slim,0.9734197,1,arcface
103,face_slim,0.9782967,1,arcface
104,face_slim,0.961586,1,arcface
105,face_slim,0.98155725,1,arcface
106,face_slim,0.97890306,1,arcface
107,face_slim,0.96638125,1,arcface
108,face_slim,0.95852333,1,arcface
109,face_slim,0.9441568,1,arcface
110,face_slim,0.94846594,1,arcface
111,face_slim,0.97152567,1,arcface
112,face_slim,0.9377827,1,arcface
113,face_slim,0.9298896,1,arcface
114,face_slim,0.9889269,1,arcface
115,face_slim,0.9487377,1,arcface
116,face_slim,0.8791288,1,arcface
117,face_slim,0.9082456,1,arcface
118,face_slim,0.90156376,1,arcface
119,face_slim,0.90154123,1,arcface
120,face_slim,0.9666932,1,arcface
121,face_slim,0.9821576,1,arcface
122,face_slim,0.9812311,1,arcface
123,face_slim,0.9830866,1,arcface
124,face_slim,0.98315006,1,arcface
125,face_slim,0.97867846,1,arcface
126,face_slim,0.9320771,1,arcface
127,face_slim,0.980922,1,arcface
128,face_slim,0.9507996,1,arcface
129,face_slim,0.8710952,1,arcface
130,face_slim,0.94576734,1,arcface
131,face_slim,0.8889834,1,arcface
132,face_slim,0.9439731,1,arcface
133,face_slim,0.96838003,1,arcface
134,face_slim,0.9757783,1,arcface
135,face_slim,0.97764766,1,arcface
136,face_slim,0.97720104,1,arcface
137,face_slim,0.91562694,1,arcface
138,face_slim,0.9041132,1,arcface
139,face_slim,0.97776884,1,arcface
140,face_slim,0.9803451,1,arcface
141,face_slim,0.987111,1,arcface
142,face_slim,0.9742094,1,arcface
143,face_slim,0.97052103,1,arcface
144,face_slim,0.9431397,1,arcface
145,face_slim,0.981593,1,arcface
146,face_slim,0.9739268,1,arcface
147,face_slim,0.9372698,1,arcface
148,face_slim,0.92253584,1,arcface
149,face_slim,0.9884689,1,arcface
150,face_slim,0.98889685,1,arcface
151,face_slim,0.933151,1,arcface
152,face_slim,0.9720695,1,arcface
153,face_slim,0.92297834,1,arcface
154,face_slim,0.9572586,1,arcface
155,face_slim,0.96116257,1,arcface
156,face_slim,0.95555395,1,arcface
157,face_slim,0.98042905,1,arcface
158,face_slim,0.95163566,1,arcface
159,face_slim,0.9639451,1,arcface
160,face_slim,0.9487721,1,arcface
161,face_slim,0.9850307,1,arcface
162,face_slim,0.9659762,1,arcface
163,face_slim,0.98622614,1,arcface
164,face_slim,0.99124104,1,arcface
165,face_slim,0.97871983,1,arcface
166,face_slim,0.98225266,1,arcface
167,face_slim,0.9846153,1,arcface
168,face_slim,0.95606124,1,arcface
169,face_slim,0.9344158,1,arcface
170,face_slim,0.98004085,1,arcface
171,face_slim,0.9634541,1,arcface
172,face_slim,0.98124564,1,arcface
173,face_slim,0.98934317,1,arcface
174,face_slim,0.9841607,1,arcface
175,face_slim,0.99147767,1,arcface
176,face_slim,0.99154073,1,arcface
177,face_slim,0.98503345,1,arcface
178,face_slim,0.9879946,1,arcface
179,face_slim,0.9825034,1,arcface
180,face_slim,0.9725347,1,arcface
181,face_slim,0.9862795,1,arcface
182,face_slim,0.2924422,1,arcface
183,face_slim,0.3555719,1,arcface
184,face_slim,0.9563201,1,arcface
185,face_slim,0.9784244,1,arcface
186,face_slim,0.98737705,1,arcface
187,face_slim,0.9515815,1,arcface
188,face_slim,0.9760757,1,arcface
189,face_slim,0.979196,1,arcface
190,face_slim,0.9775656,1,arcface
191,face_slim,0.9864464,1,arcface
192,face_slim,0.9749514,1,arcface
193,face_slim,0.9584819,1,arcface
194,face_slim,0.95364493,1,arcface
195,face_slim,0.95547795,1,arcface
196,face_slim,0.94702476,1,arcface
197,face_slim,0.9272006,1,arcface
198,face_slim,0.98243845,1,arcface
199,face_slim,0.991664,1,arcface
200,face_slim,0.9832688,1,arcface
201,face_slim,0.987341,1,arcface
202,face_slim,0.97961676,1,arcface
203,face_slim,0.9573217,1,arcface
204,face_slim,0.9630489,1,arcface
205,face_slim,0.94310325,1,arcface
206,face_slim,0.99015313,1,arcface
207,face_slim,0.9915311,1,arcface
208,face_slim,0.9919014,1,arcface
209,face_slim,0.9923195,1,arcface
210,face_slim,0.9864556,1,arcface
211,face_slim,0.9704873,1,arcface
212,face_slim,0.98542917,1,arcface
213,face_slim,0.98365915,1,arcface
214,face_slim,0.98594,1,arcface
215,face_slim,0.97767586,1,arcface
216,face_slim,0.9704885,1,arcface
217,face_slim,0.9869759,1,arcface
218,face_slim,0.9713481,1,arcface
219,face_slim,0.99050045,1,arcface
220,face_slim,0.9899831,1,arcface
221,face_slim,0.98761904,1,arcface
222,face_slim,0.98749477,1,arcface
223,face_slim,0.97527516,1,arcface
224,face_slim,0.9461491,1,arcface
225,face_slim,0.9676361,1,arcface
226,face_slim,0.937715,1,arcface
227,face_slim,0.98346466,1,arcface
228,face_slim,0.9772436,1,arcface
229,face_slim,0.9890558,1,arcface
230,face_slim,0.9916762,1,arcface
231,face_slim,0.9833657,1,arcface
232,face_slim,0.98989975,1,arcface
233,face_slim,0.9193864,1,arcface
234,face_slim,0.9839462,1,arcface
235,face_slim,0.97816104,1,arcface
236,face_slim,0.9752998,1,arcface
237,face_slim,0.9640789,1,arcface
238,face_slim,0.878053,1,arcface
239,face_slim,0.9672741,1,arcface
240,face_slim,0.9515814,1,arcface
241,face_slim,0.9680805,1,arcface
242,face_slim,0.946784,1,arcface
243,face_slim,0.98146325,1,arcface
244,face_slim,0.98631215,1,arcface
245,face_slim,0.98635226,1,arcface
246,face_slim,0.98615247,1,arcface
247,face_slim,0.9091259,1,arcface
248,face_slim,0.9559318,1,arcface
249,face_slim,0.9864463,1,arcface
250,face_slim,0.97093284,1,arcface
251,face_slim,0.9702689,1,arcface
252,face_slim,0.96577096,1,arcface
253,face_slim,0.981569,1,arcface
254,face_slim,0.9709417,1,arcface
255,face_slim,0.9493938,1,arcface
256,face_slim,0.97711116,1,arcface
257,face_slim,0.98485804,1,arcface
258,face_slim,0.9821168,1,arcface
259,face_slim,0.9757863,1,arcface
260,face_slim,0.98148173,1,arcface
261,face_slim,0.9792038,1,arcface
262,face_slim,0.97005343,1,arcface
263,face_slim,0.984099,1,arcface
264,face_slim,0.9871916,1,arcface
265,face_slim,0.99024594,1,arcface
266,face_slim,0.95953846,1,arcface
267,face_slim,0.9312143,1,arcface
268,face_slim,0.9240936,1,arcface
269,face_slim,0.97391915,1,arcface
270,face_slim,0.9895674,1,arcface
271,face_slim,0.9888517,1,arcface
272,face_slim,0.9816339,1,arcface
273,face_slim,0.965087,1,arcface
274,face_slim,0.9838719,1,arcface
275,face_slim,0.9239672,1,arcface
276,face_slim,0.9625874,1,arcface
277,face_slim,0.9568808,1,arcface
278,face_slim,0.9483498,1,arcface
279,face_slim,0.9806876,1,arcface
280,face_slim,0.9779935,1,arcface
281,face_slim,0.94946325,1,arcface
282,face_slim,0.9553822,1,arcface
283,face_slim,0.92840767,1,arcface
284,face_slim,0.9832984,1,arcface
285,face_slim,0.97995186,1,arcface
286,face_slim,0.98368734,1,arcface
287,face_slim,0.9722246,1,arcface
288,face_slim,0.9727987,1,arcface
289,face_slim,0.8636541,1,arcface
290,face_slim,0.97354347,1,arcface
291,face_slim,0.8803597,1,arcface
292,face_slim,0.96221286,1,arcface
293,face_slim,0.9566699,1,arcface
294,face_slim,0.9882703,1,arcface
295,face_slim,0.97366124,1,arcface
296,face_slim,0.97227895,1,arcface
297,face_slim,0.97318935,1,arcface
298,face_slim,0.9594299,1,arcface
299,face_slim,0.9860971,1,arcface
300,face_slim,0.9729805,0,arcface
301,face_slim,0.9686114,0,arcface
302,face_slim,0.9604029,0,arcface
303,face_slim,0.97435653,0,arcface
304,face_slim,0.97906667,0,arcface
305,face_slim,0.96345097,0,arcface
306,face_slim,0.90332425,0,arcface
307,face_slim,0.9694468,0,arcface
308,face_slim,0.9727567,0,arcface
309,face_slim,0.97055554,0,arcface
310,face_slim,0.9761653,0,arcface
311,face_slim,0.9753626,0,arcface
312,face_slim,0.9739698,0,arcface
313,face_slim,0.97460675,0,arcface
314,face_slim,0.98617864,0,arcface
315,face_slim,0.9712275,0,arcface
316,face_slim,0.98435384,0,arcface
317,face_slim,0.9168985,0,arcface
318,face_slim,0.96861345,0,arcface
319,face_slim,0.97543436,0,arcface
320,face_slim,0.9815112,0,arcface
321,face_slim,0.9802874,0,arcface
322,face_slim,0.965452,0,arcface
323,face_slim,0.96195614,0,arcface
324,face_slim,0.95981514,0,arcface
325,face_slim,0.9399876,0,arcface
326,face_slim,0.98799527,0,arcface
327,face_slim,0.82948875,0,arcface
328,face_slim,0.969495,0,arcface
329,face_slim,0.9460669,0,arcface
330,face_slim,0.9676589,0,arcface
331,face_slim,0.96966475,0,arcface
332,face_slim,0.95709234,0,arcface
333,face_slim,0.9611907,0,arcface
334,face_slim,0.99328053,0,arcface
335,face_slim,0.9813484,0,arcface
336,face_slim,0.9764102,0,arcface
337,face_slim,0.9637728,0,arcface
338,face_slim,0.8176703,0,arcface
339,face_slim,0.8232052,0,arcface
340,face_slim,0.8404649,0,arcface
341,face_slim,0.9810102,0,arcface
342,face_slim,0.9858264,0,arcface
343,face_slim,0.91747093,0,arcface
344,face_slim,0.9783547,0,arcface
345,face_slim,0.9299233,0,arcface
346,face_slim,0.97396207,0,arcface
347,face_slim,0.9642806,0,arcface
348,face_slim,0.98777425,0,arcface
349,face_slim,0.83129984,0,arcface
350,face_slim,0.9419582,0,arcface
351,face_slim,0.9554348,0,arcface
352,face_slim,0.97560304,0,arcface
353,face_slim,0.9664496,0,arcface
354,face_slim,0.95135874,0,arcface
355,face_slim,0.98805964,0,arcface
356,face_slim,0.7890064,0,arcface
357,face_slim,0.96349204,0,arcface
358,face_slim,0.9099831,0,arcface
359,face_slim,0.9659302,0,arcface
360,face_slim,0.9839351,0,arcface
361,face_slim,0.9779013,0,arcface
362,face_slim,0.9492175,0,arcface
363,face_slim,0.9255791,0,arcface
364,face_slim,0.9796789,0,arcface
365,face_slim,0.97730815,0,arcface
366,face_slim,0.9814132,0,arcface
367,face_slim,0.9373261,0,arcface
368,face_slim,0.97439,0,arcface
369,face_slim,0.9804135,0,arcface
370,face_slim,0.9787599,0,arcface
371,face_slim,0.96006274,0,arcface
372,face_slim,0.9530996,0,arcface
373,face_slim,0.94994056,0,arcface
374,face_slim,0.950303,0,arcface
375,face_slim,0.94169384,0,arcface
376,face_slim,0.89901185,0,arcface
377,face_slim,0.9699542,0,arcface
378,face_slim,0.9457665,0,arcface
379,face_slim,0.9624612,0,arcface
380,face_slim,0.9588407,0,arcface
381,face_slim,0.9757405,0,arcface
382,face_slim,0.9732669,0,arcface
383,face_slim,0.9341871,0,arcface
384,face_slim,0.9803055,0,arcface
385,face_slim,0.9806184,0,arcface
386,face_slim,0.96201545,0,arcface
387,face_slim,0.9888637,0,arcface
388,face_slim,0.98179746,0,arcface
389,face_slim,0.97144145,0,arcface
390,face_slim,0.96633446,0,arcface
391,face_slim,0.9030072,0,arcface
392,face_slim,0.9262902,0,arcface
393,face_slim,0.9846168,0,arcface
394,face_slim,0.94647384,0,arcface
395,face_slim,0.9862892,0,arcface
396,face_slim,0.98164696,0,arcface
397,face_slim,0.9837321,0,arcface
398,face_slim,0.8985987,0,arcface
399,face_slim,0.95705515,0,arcface
400,face_slim,0.9757193,0,arcface
401,face_slim,0.98017156,0,arcface
402,face_slim,0.97557074,0,arcface
403,face_slim,0.97785896,0,arcface
404,face_slim,0.92852825,0,arcface
405,face_slim,0.8325151,0,arcface
406,face_slim,0.92626625,0,arcface
407,face_slim,0.9858828,0,arcface
408,face_slim,0.9668434,0,arcface
409,face_slim,0.98344225,0,arcface
410,face_slim,0.96678925,0,arcface
411,face_slim,0.97636175,0,arcface
412,face_slim,0.95787364,0,arcface
413,face_slim,0.9786307,0,arcface
414,face_slim,0.92440236,0,arcface
415,face_slim,0.9212065,0,arcface
416,face_slim,0.98177356,0,arcface
417,face_slim,0.98203593,0,arcface
418,face_slim,0.98451066,0,arcface
419,face_slim,0.9639122,0,arcface
420,face_slim,0.93199706,0,arcface
421,face_slim,0.9834064,0,arcface
422,face_slim,0.9435851,0,arcface
423,face_slim,0.846179,0,arcface
424,face_slim,0.9758739,0,arcface
425,face_slim,0.9747875,0,arcface
426,face_slim,0.97302103,0,arcface
427,face_slim,0.8887722,0,arcface
428,face_slim,0.9545025,0,arcface
429,face_slim,0.8198015,0,arcface
430,face_slim,0.945517,0,arcface
431,face_slim,0.9509251,0,arcface
432,face_slim,0.9503076,0,arcface
433,face_slim,0.9536596,0,arcface
434,face_slim,0.9775654,0,arcface
435,face_slim,0.95607233,0,arcface
436,face_slim,0.98554295,0,arcface
437,face_slim,0.98602647,0,arcface
438,face_slim,0.9701412,0,arcface
439,face_slim,0.9749252,0,arcface
440,face_slim,0.9691294,0,arcface
441,face_slim,0.970833,0,arcface
442,face_slim,0.982696,0,arcface
443,face_slim,0.9403017,0,arcface
444,face_slim,0.9795514,0,arcface
445,face_slim,0.97968084,0,arcface
446,face_slim,0.9340733,0,arcface
447,face_slim,0.9295677,0,arcface
448,face_slim,0.8864683,0,arcface
449,face_slim,0.94138527,0,arcface
450,face_slim,0.9639346,0,arcface
451,face_slim,0.9803411,0,arcface
452,face_slim,0.9321276,0,arcface
453,face_slim,0.98165107,0,arcface
454,face_slim,0.9401665,0,arcface
455,face_slim,0.961276,0,arcface
456,face_slim,0.9718146,0,arcface
457,face_slim,0.97237986,0,arcface
458,face_slim,0.9804891,0,arcface
459,face_slim,0.92556405,0,arcface
460,face_slim,0.9862131,0,arcface
461,face_slim,0.9141198,0,arcface
462,face_slim,0.92124516,0,arcface
463,face_slim,0.8828343,0,arcface
464,face_slim,0.98605096,0,arcface
465,face_slim,0.9721189,0,arcface
466,face_slim,0.97122836,0,arcface
467,face_slim,0.97543573,0,arcface
468,face_slim,0.9687979,0,arcface
469,face_slim,0.9670046,0,arcface
470,face_slim,0.95833427,0,arcface
471,face_slim,0.95202255,0,arcface
472,face_slim,0.96750087,0,arcface
473,face_slim,0.9827123,0,arcface
474,face_slim,0.9805952,0,arcface
475,face_slim,0.95118815,0,arcface
476,face_slim,0.96362084,0,arcface
477,face_slim,0.98493475,0,arcface
478,face_slim,0.9569559,0,arcface
479,face_slim,0.9652166,0,arcface
480,face_slim,0.96247673,0,arcface
481,face_slim,0.97888786,0,arcface
482,face_slim,0.95590764,0,arcface
483,face_slim,0.9780708,0,arcface
484,face_slim,0.97098255,0,arcface
485,face_slim,0.9639776,0,arcface
486,face_slim,0.878833,0,arcface
487,face_slim,0.9431164,0,arcface
488,face_slim,0.96972406,0,arcface
489,face_slim,0.96569556,0,arcface
490,face_slim,0.98577386,0,arcface
491,face_slim,0.9838646,0,arcface
492,face_slim,0.97709364,0,arcface
493,face_slim,0.9799391,0,arcface
494,face_slim,0.91206217,0,arcface
495,face_slim,0.9076688,0,arcface
496,face_slim,0.9143144,0,arcface
497,face_slim,0.97167647,0,arcface
498,face_slim,0.9827916,0,arcface
499,face_slim,0.97329694,0,arcface
500,face_slim,0.9520807,0,arcface
501,face_slim,0.9717476,0,arcface
502,face_slim,0.9714021,0,arcface
503,face_slim,0.9804331,0,arcface
504,face_slim,0.9394105,0,arcface
505,face_slim,0.9722743,0,arcface
506,face_slim,0.96138734,0,arcface
507,face_slim,0.9686936,0,arcface
508,face_slim,0.8897088,0,arcface
509,face_slim,0.9652504,0,arcface
510,face_slim,0.9809798,0,arcface
511,face_slim,0.8974742,0,arcface
512,face_slim,0.95991826,0,arcface
513,face_slim,0.90383077,0,arcface
514,face_slim,0.97239363,0,arcface
515,face_slim,0.98589826,0,arcface
516,face_slim,0.98093957,0,arcface
517,face_slim,0.96661896,0,arcface
518,face_slim,0.91501087,0,arcface
519,face_slim,0.9775499,0,arcface
520,face_slim,0.93804604,0,arcface
521,face_slim,0.95852524,0,arcface
522,face_slim,0.97592086,0,arcface
523,face_slim,0.7978362,0,arcface
524,face_slim,0.9781925,0,arcface
525,face_slim,0.9712994,0,arcface
526,face_slim,0.98622876,0,arcface
527,face_slim,0.98706776,0,arcface
528,face_slim,0.9818318,0,arcface
529,face_slim,0.98477495,0,arcface
530,face_slim,0.959265,0,arcface
531,face_slim,0.9758328,0,arcface
532,face_slim,0.984532,0,arcface
533,face_slim,0.9155614,0,arcface
534,face_slim,0.9813554,0,arcface
535,face_slim,0.97693336,0,arcface
536,face_slim,0.9459833,0,arcface
537,face_slim,0.97700924,0,arcface
538,face_slim,0.93434453,0,arcface
539,face_slim,0.9845839,0,arcface
540,face_slim,0.9843493,0,arcface
541,face_slim,0.97857547,0,arcface
542,face_slim,0.9625391,0,arcface
543,face_slim,0.97385204,0,arcface
544,face_slim,0.91858125,0,arcface
545,face_slim,0.96283734,0,arcface
546,face_slim,0.9116351,0,arcface
547,face_slim,0.9026564,0,arcface
548,face_slim,0.8256946,0,arcface
549,face_slim,0.97155017,0,arcface
550,face_slim,0.94563293,0,arcface
551,face_slim,0.9788085,0,arcface
552,face_slim,0.9428888,0,arcface
553,face_slim,0.94395876,0,arcface
554,face_slim,0.9783765,0,arcface
555,face_slim,0.95900285,0,arcface
556,face_slim,0.9680491,0,arcface
557,face_slim,0.9738541,0,arcface
558,face_slim,0.9916881,0,arcface
559,face_slim,0.96122414,0,arcface
560,face_slim,0.9792186,0,arcface
561,face_slim,0.93267804,0,arcface
562,face_slim,0.9760791,0,arcface
563,face_slim,0.9834387,0,arcface
564,face_slim,0.9611065,0,arcface
565,face_slim,0.91642493,0,arcface
566,face_slim,0.9713994,0,arcface
567,face_slim,0.933744,0,arcface
568,face_slim,0.98830944,0,arcface
569,face_slim,0.9686656,0,arcface
570,face_slim,0.96792674,0,arcface
571,face_slim,0.9784063,0,arcface
572,face_slim,0.9603609,0,arcface
573,face_slim,0.946363,0,arcface
574,face_slim,0.9830769,0,arcface
575,face_slim,0.96963674,0,arcface
576,face_slim,0.9797513,0,arcface
577,face_slim,0.96677166,0,arcface
578,face_slim,0.9782665,0,arcface
579,face_slim,0.9833853,0,arcface
580,face_slim,0.97658926,0,arcface
581,face_slim,0.98056304,0,arcface
582,face_slim,0.9451381,0,arcface
583,face_slim,0.88991886,0,arcface
584,face_slim,0.90755415,0,arcface
585,face_slim,0.9908445,0,arcface
586,face_slim,0.8883512,0,arcface
587,face_slim,0.93037736,0,arcface
588,face_slim,0.9772111,0,arcface
589,face_slim,0.92074025,0,arcface
590,face_slim,0.97559136,0,arcface
591,face_slim,0.97356564,0,arcface
592,face_slim,0.954304,0,arcface
593,face_slim,0.8583193,0,arcface
594,face_slim,0.852795,0,arcface
595,face_slim,0.960004,0,arcface
596,face_slim,0.9790063,0,arcface
597,face_slim,0.95541584,0,arcface
598,face_slim,0.9496671,0,arcface
599,face_slim,0.98152095,0,arcface
0,color_tone,0.9623266,1,arcface
1,color_tone,0.98206747,1,arcface
2,color_tone,0.9717406,1,arcface
3,color_tone,0.978453,1,arcface
4,color_tone,0.9892859,1,arcface
5,color_tone,0.9851194,1,arcface
6,color_tone,0.94668156,1,arcface
7,color_tone,0.9122628,1,arcface
8,color_tone,0.8575333,1,arcface
9,color_tone,0.9545808,1,arcface
10,color_tone,0.98466337,1,arcface
11,color_tone,0.82032865,1,arcface
12,color_tone,0.9813208,1,arcface
13,color_tone,0.9861986,1,arcface
14,color_tone,0.95913553,1,arcface
15,color_tone,0.9522232,1,arcface
16,color_tone,0.9816192,1,arcface
17,color_tone,0.9155857,1,arcface
18,color_tone,0.928618,1,arcface
19,color_tone,0.6975473,1,arcface
20,color_tone,0.98428553,1,arcface
21,color_tone,0.9837932,1,arcface
22,color_tone,0.9704146,1,arcface
23,color_tone,0.9900552,1,arcface
24,color_tone,0.7512285,1,arcface
25,color_tone,0.9812746,1,arcface
26,color_tone,0.95985043,1,arcface
27,color_tone,0.96722263,1,arcface
28,color_tone,0.96599543,1,arcface
29,color_tone,0.95631117,1,arcface
30,color_tone,0.944353,1,arcface
31,color_tone,0.97689646,1,arcface
32,color_tone,0.9730406,1,arcface
33,color_tone,0.9705339,1,arcface
34,color_tone,0.9836407,1,arcface
35,color_tone,0.9628655,1,arcface
36,color_tone,0.915293,1,arcface
37,color_tone,0.9880838,1,arcface
38,color_tone,0.98477703,1,arcface
39,color_tone,0.980769,1,arcface
40,color_tone,0.9458066,1,arcface
41,color_tone,0.9813633,1,arcface
42,color_tone,0.9285215,1,arcface
43,color_tone,0.9857572,1,arcface
44,color_tone,0.9412629,1,arcface
45,color_tone,0.974425,1,arcface
46,color_tone,0.9007532,1,arcface
47,color_tone,0.98908937,1,arcface
48,color_tone,0.9450435,1,arcface
49,color_tone,0.79990757,1,arcface
50,color_tone,0.9655204,1,arcface
51,color_tone,0.9308127,1,arcface
52,color_tone,0.9349788,1,arcface
53,color_tone,0.93833387,1,arcface
54,color_tone,0.79227364,1,arcface
55,color_tone,0.96947986,1,arcface
56,color_tone,0.9767547,1,arcface
57,color_tone,0.9860398,1,arcface
58,color_tone,0.952086,1,arcface
59,color_tone,0.943783,1,arcface
60,color_tone,0.98914677,1,arcface
61,color_tone,0.97253585,1,arcface
62,color_tone,0.9412616,1,arcface
63,color_tone,0.8133112,1,arcface
64,color_tone,0.8352734,1,arcface
65,color_tone,0.9904616,1,arcface
66,color_tone,0.98917854,1,arcface
67,color_tone,0.9787207,1,arcface
68,color_tone,0.9675947,1,arcface
69,color_tone,0.98180646,1,arcface
70,color_tone,0.97003996,1,arcface
71,color_tone,0.9892261,1,arcface
72,color_tone,0.9853121,1,arcface
73,color_tone,0.89511925,1,arcface
74,color_tone,0.8591148,1,arcface
75,color_tone,0.9309141,1,arcface
76,color_tone,0.97980624,1,arcface
77,color_tone,0.94132847,1,arcface
78,color_tone,0.9243864,1,arcface
79,color_tone,0.9601312,1,arcface
80,color_tone,0.983063,1,arcface
81,color_tone,0.93969434,1,arcface
82,color_tone,0.981306,1,arcface
83,color_tone,0.97047305,1,arcface
84,color_tone,0.9833834,1,arcface
85,color_tone,0.98936117,1,arcface
86,color_tone,0.9112391,1,arcface
87,color_tone,0.9885173,1,arcface
88,color_tone,0.9695479,1,arcface
89,color_tone,0.9120875,1,arcface
90,color_tone,0.9715588,1,arcface
91,color_tone,0.9723527,1,arcface
92,color_tone,0.9770036,1,arcface
93,color_tone,0.8296395,1,arcface
94,color_tone,0.90795255,1,arcface
95,color_tone,0.96266156,1,arcface
96,color_tone,0.9690642,1,arcface
97,color_tone,0.94144785,1,arcface
98,color_tone,0.973726,1,arcface
99,color_tone,0.98703194,1,arcface
100,color_tone,0.9455749,1,arcface
101,color_tone,0.9532904,1,arcface
102,color_tone,0.94763845,1,arcface
103,color_tone,0.96282005,1,arcface
104,color_tone,0.9462698,1,arcface
105,color_tone,0.97604215,1,arcface
106,color_tone,0.975506,1,arcface
107,color_tone,0.9347116,1,arcface
108,color_tone,0.95015484,1,arcface
109,color_tone,0.9033128,1,arcface
110,color_tone,0.92969966,1,arcface
111,color_tone,0.96604615,1,arcface
112,color_tone,0.9365914,1,arcface
113,color_tone,0.9358206,1,arcface
114,color_tone,0.9866846,1,arcface
115,color_tone,0.9303546,1,arcface
116,color_tone,0.85682535,1,arcface
117,color_tone,0.8789485,1,arcface
118,color_tone,0.8831736,1,arcface
119,color_tone,0.86111784,1,arcface
120,color_tone,0.96276486,1,arcface
121,color_tone,0.9680657,1,arcface
122,color_tone,0.97982675,1,arcface
123,color_tone,0.9800763,1,arcface
124,color_tone,0.97714263,1,arcface
125,color_tone,0.9761661,1,arcface
126,color_tone,0.9046491,1,arcface
127,color_tone,0.9717724,1,arcface
128,color_tone,0.94257337,1,arcface
129,color_tone,0.89308184,1,arcface
130,color_tone,0.9330111,1,arcface
131,color_tone,0.8989586,1,arcface
132,color_tone,0.9376351,1,arcface
133,color_tone,0.94826657,1,arcface
134,color_tone,0.97298473,1,arcface
135,color_tone,0.9690322,1,arcface
136,color_tone,0.96700364,1,arcface
137,color_tone,0.8852183,1,arcface
138,color_tone,0.9263099,1,arcface
139,color_tone,0.9586546,1,arcface
140,color_tone,0.97708136,1,arcface
141,color_tone,0.98775446,1,arcface
142,color_tone,0.9635262,1,arcface
143,color_tone,0.97263676,1,arcface
144,color_tone,0.94558966,1,arcface
145,color_tone,0.9766171,1,arcface
146,color_tone,0.96164745,1,arcface
147,color_tone,0.91489244,1,arcface
148,color_tone,0.89958006,1,arcface
149,color_tone,0.98228157,1,arcface
150,color_tone,0.98448646,1,arcface
151,color_tone,0.87631774,1,arcface
152,color_tone,0.9652799,1,arcface
153,color_tone,0.94254005,1,arcface
154,color_tone,0.918507,1,arcface
155,color_tone,0.93286645,1,arcface
156,color_tone,0.92186004,1,arcface
157,color_tone,0.97445524,1,arcface
158,color_tone,0.9370886,1,arcface
159,color_tone,0.9579264,1,arcface
160,color_tone,0.9411372,1,arcface
161,color_tone,0.9854561,1,arcface
162,color_tone,0.96152395,1,arcface
163,color_tone,0.9843023,1,arcface
164,color_tone,0.9895775,1,arcface
165,color_tone,0.97609377,1,arcface
166,color_tone,0.966099,1,arcface
167,color_tone,0.97693646,1,arcface
168,color_tone,0.948191,1,arcface
169,color_tone,0.83593696,1,arcface
170,color_tone,0.9767691,1,arcface
171,color_tone,0.9553623,1,arcface
172,color_tone,0.97448057,1,arcface
173,color_tone,0.9885185,1,arcface
174,color_tone,0.98270464,1,arcface
175,color_tone,0.99098885,1,arcface
176,color_tone,0.9897534,1,arcface
177,color_tone,0.98872316,1,arcface
178,color_tone,0.98660266,1,arcface
179,color_tone,0.9801387,1,arcface
180,color_tone,0.9689691,1,arcface
181,color_tone,0.96387225,1,arcface
182,color_tone,0.19890523,1,arcface
183,color_tone,0.272469,1,arcface
184,color_tone,0.9554793,1,arcface
185,color_tone,0.9751995,1,arcface
186,color_tone,0.9813372,1,arcface
187,color_tone,0.9451014,1,arcface
188,color_tone,0.9802906,1,arcface
189,color_tone,0.95840895,1,arcface
190,color_tone,0.97149277,1,arcface
191,color_tone,0.9864469,1,arcface
192,color_tone,0.9743633,1,arcface
193,color_tone,0.9543402,1,arcface
194,color_tone,0.9485987,1,arcface
195,color_tone,0.9421551,1,arcface
196,color_tone,0.9431664,1,arcface
197,color_tone,0.9087192,1,arcface
198,color_tone,0.9787055,1,arcface
199,color_tone,0.98950297,1,arcface
200,color_tone,0.97827977,1,arcface
201,color_tone,0.98292834,1,arcface
202,color_tone,0.96191716,1,arcface
203,color_tone,0.950743,1,arcface
204,color_tone,0.9484843,1,arcface
205,color_tone,0.9384996,1,arcface
206,color_tone,0.9868918,1,arcface
207,color_tone,0.9883947,1,arcface
208,color_tone,0.9901484,1,arcface
209,color_tone,0.9907223,1,arcface
210,color_tone,0.97882706,1,arcface
211,color_tone,0.97081786,1,arcface
212,color_tone,0.98227245,1,arcface
213,color_tone,0.99089116,1,arcface
214,color_tone,0.985944,1,arcface
215,color_tone,0.9724437,1,arcface
216,color_tone,0.9643709,1,arcface
217,color_tone,0.9891918,1,arcface
218,color_tone,0.95965654,1,arcface
219,color_tone,0.9875121,1,arcface
220,color_tone,0.98882294,1,arcface
221,color_tone,0.98402166,1,arcface
222,color_tone,0.98584396,1,arcface
223,color_tone,0.9717141,1,arcface
224,color_tone,0.9155725,1,arcface
225,color_tone,0.9573599,1,arcface
226,color_tone,0.90673256,1,arcface
227,color_tone,0.98176557,1,arcface
228,color_tone,0.9786115,1,arcface
229,color_tone,0.98684466,1,arcface
230,color_tone,0.98985904,1,arcface
231,color_tone,0.98526645,1,arcface
232,color_tone,0.9857393,1,arcface
233,color_tone,0.91930044,1,arcface
234,color_tone,0.9858366,1,arcface
235,color_tone,0.9744252,1,arcface
236,color_tone,0.9704269,1,arcface
237,color_tone,0.960656,1,arcface
238,color_tone,0.72645617,1,arcface
239,color_tone,0.9663263,1,arcface
240,color_tone,0.94250935,1,arcface
241,color_tone,0.9695067,1,arcface
242,color_tone,0.94747627,1,arcface
243,color_tone,0.97667325,1,arcface
244,color_tone,0.9830263,1,arcface
245,color_tone,0.97605634,1,arcface
246,color_tone,0.97697306,1,arcface
247,color_tone,0.8715353,1,arcface
248,color_tone,0.9551821,1,arcface
249,color_tone,0.9846537,1,arcface
250,color_tone,0.9574983,1,arcface
251,color_tone,0.96109515,1,arcface
252,color_tone,0.96353346,1,arcface
253,color_tone,0.97452796,1,arcface
254,color_tone,0.9683275,1,arcface
255,color_tone,0.92283,1,arcface
256,color_tone,0.9676866,1,arcface
257,color_tone,0.98318136,1,arcface
258,color_tone,0.9742498,1,arcface
259,color_tone,0.9726085,1,arcface
260,color_tone,0.9741444,1,arcface
261,color_tone,0.9687372,1,arcface
262,color_tone,0.9506978,1,arcface
263,color_tone,0.98243207,1,arcface
264,color_tone,0.9844882,1,arcface
265,color_tone,0.98590976,1,arcface
266,color_tone,0.9383982,1,arcface
267,color_tone,0.855291,1,arcface
268,color_tone,0.94114214,1,arcface
269,color_tone,0.95862085,1,arcface
270,color_tone,0.99027205,1,arcface
271,color_tone,0.98594415,1,arcface
272,color_tone,0.97558904,1,arcface
273,color_tone,0.94152707,1,arcface
274,color_tone,0.98082155,1,arcface
275,color_tone,0.94329876,1,arcface
276,color_tone,0.9420637,1,arcface
277,color_tone,0.9193651,1,arcface
278,color_tone,0.89657414,1,arcface
279,color_tone,0.9799173,1,arcface
280,color_tone,0.97629523,1,arcface
281,color_tone,0.90186775,1,arcface
282,color_tone,0.9621545,1,arcface
283,color_tone,0.88952714,1,arcface
284,color_tone,0.9836208,1,arcface
285,color_tone,0.977266,1,arcface
286,color_tone,0.98247236,1,arcface
287,color_tone,0.96245456,1,arcface
288,color_tone,0.9815711,1,arcface
289,color_tone,0.73534083,1,arcface
290,color_tone,0.972156,1,arcface
291,color_tone,0.82604825,1,arcface
292,color_tone,0.9391597,1,arcface
293,color_tone,0.96741575,1,arcface
294,color_tone,0.99079937,1,arcface
295,color_tone,0.9687895,1,arcface
296,color_tone,0.9730598,1,arcface
297,color_tone,0.9460049,1,arcface
298,color_tone,0.9684859,1,arcface
299,color_tone,0.9853187,1,arcface
300,color_tone,0.9640027,0,arcface
301,color_tone,0.96098626,0,arcface
302,color_tone,0.94899595,0,arcface
303,color_tone,0.9635314,0,arcface
304,color_tone,0.96127534,0,arcface
305,color_tone,0.94536,0,arcface
306,color_tone,0.8540169,0,arcface
307,color_tone,0.96715,0,arcface
308,color_tone,0.9791573,0,arcface
309,color_tone,0.9594077,0,arcface
310,color_tone,0.94737816,0,arcface
311,color_tone,0.9630348,0,arcface
312,color_tone,0.9735038,0,arcface
313,color_tone,0.97461414,0,arcface
314,color_tone,0.98657304,0,arcface
315,color_tone,0.96697015,0,arcface
316,color_tone,0.98312944,0,arcface
317,color_tone,0.8529569,0,arcface
318,color_tone,0.9641777,0,arcface
319,color_tone,0.9694808,0,arcface
320,color_tone,0.9826181,0,arcface
321,color_tone,0.9713985,0,arcface
322,color_tone,0.951916,0,arcface
323,color_tone,0.9612575,0,arcface
324,color_tone,0.92904097,0,arcface
325,color_tone,0.9200495,0,arcface
326,color_tone,0.9858577,0,arcface
327,color_tone,0.79910517,0,arcface
328,color_tone,0.96909076,0,arcface
329,color_tone,0.9342873,0,arcface
330,color_tone,0.961002,0,arcface
331,color_tone,0.95098925,0,arcface
332,color_tone,0.9452676,0,arcface
333,color_tone,0.96005124,0,arcface
334,color_tone,0.9914681,0,arcface
335,color_tone,0.97468746,0,arcface
336,color_tone,0.9784251,0,arcface
337,color_tone,0.96320003,0,arcface
338,color_tone,0.6087024,0,arcface
339,color_tone,0.6220286,0,arcface
340,color_tone,0.6474281,0,arcface
341,color_tone,0.9796985,0,arcface
342,color_tone,0.98275334,0,arcface
343,color_tone,0.9243116,0,arcface
344,color_tone,0.97226804,0,arcface
345,color_tone,0.8922874,0,arcface
346,color_tone,0.9421192,0,arcface
347,color_tone,0.9556193,0,arcface
348,color_tone,0.9809802,0,arcface
349,color_tone,0.70576715,0,arcface
350,color_tone,0.8650101,0,arcface
351,color_tone,0.9179937,0,arcface
352,color_tone,0.9636076,0,arcface
353,color_tone,0.935466,0,arcface
354,color_tone,0.9174498,0,arcface
355,color_tone,0.98460376,0,arcface
356,color_tone,0.7216394,0,arcface
357,color_tone,0.95661694,0,arcface
358,color_tone,0.8449438,0,arcface
359,color_tone,0.9623987,0,arcface
360,color_tone,0.98113453,0,arcface
361,color_tone,0.97455865,0,arcface
362,color_tone,0.93598294,0,arcface
363,color_tone,0.8840863,0,arcface
364,color_tone,0.9825716,0,arcface
365,color_tone,0.9701009,0,arcface
366,color_tone,0.9771748,0,arcface
367,color_tone,0.9163652,0,arcface
368,color_tone,0.9721248,0,arcface
369,color_tone,0.9772892,0,arcface
370,color_tone,0.97550243,0,arcface
371,color_tone,0.93636817,0,arcface
372,color_tone,0.9391996,0,arcface
373,color_tone,0.968228,0,arcface
374,color_tone,0.961193,0,arcface
375,color_tone,0.954516,0,arcface
376,color_tone,0.92162406,0,arcface
377,color_tone,0.96765023,0,arcface
378,color_tone,0.9293708,0,arcface
379,color_tone,0.95798445,0,arcface
380,color_tone,0.9192039,0,arcface
381,color_tone,0.9682387,0,arcface
382,color_tone,0.9531725,0,arcface
383,color_tone,0.9255223,0,arcface
384,color_tone,0.96754086,0,arcface
385,color_tone,0.9788892,0,arcface
386,color_tone,0.95629394,0,arcface
387,color_tone,0.9910337,0,arcface
388,color_tone,0.97413355,0,arcface
389,color_tone,0.96536976,0,arcface
390,color_tone,0.95559675,0,arcface
391,color_tone,0.826165,0,arcface
392,color_tone,0.8622791,0,arcface
393,color_tone,0.9837414,0,arcface
394,color_tone,0.961847,0,arcface
395,color_tone,0.98314065,0,arcface
396,color_tone,0.97628576,0,arcface
397,color_tone,0.977707,0,arcface
398,color_tone,0.83475286,0,arcface
399,color_tone,0.9632231,0,arcface
400,color_tone,0.97334915,0,arcface
401,color_tone,0.9775462,0,arcface
402,color_tone,0.9750219,0,arcface
403,color_tone,0.974778,0,arcface
404,color_tone,0.88738817,0,arcface
405,color_tone,0.79328084,0,arcface
406,color_tone,0.9212738,0,arcface
407,color_tone,0.9802221,0,arcface
408,color_tone,0.96385753,0,arcface
409,color_tone,0.9842042,0,arcface
410,color_tone,0.95425093,0,arcface
411,color_tone,0.9639657,0,arcface
412,color_tone,0.95619345,0,arcface
413,color_tone,0.97715104,0,arcface
414,color_tone,0.91724235,0,arcface
415,color_tone,0.9217488,0,arcface
416,color_tone,0.9654901,0,arcface
417,color_tone,0.98182017,0,arcface
418,color_tone,0.9818089,0,arcface
419,color_tone,0.94284207,0,arcface
420,color_tone,0.91057545,0,arcface
421,color_tone,0.97475475,0,arcface
422,color_tone,0.9261614,0,arcface
423,color_tone,0.8771562,0,arcface
424,color_tone,0.96582305,0,arcface
425,color_tone,0.96211004,0,arcface
426,color_tone,0.97336346,0,arcface
427,color_tone,0.9107661,0,arcface
428,color_tone,0.9339008,0,arcface
429,color_tone,0.77880704,0,arcface
430,color_tone,0.92664784,0,arcface
431,color_tone,0.92600536,0,arcface
432,color_tone,0.938364,0,arcface
433,color_tone,0.93598694,0,arcface
434,color_tone,0.98164916,0,arcface
435,color_tone,0.946829,0,arcface
436,color_tone,0.98465323,0,arcface
437,color_tone,0.9845882,0,arcface
438,color_tone,0.92598623,0,arcface
439,color_tone,0.93678755,0,arcface
440,color_tone,0.9604122,0,arcface
441,color_tone,0.96733356,0,arcface
442,color_tone,0.98020434,0,arcface
443,color_tone,0.9369949,0,arcface
444,color_tone,0.97919214,0,arcface
445,color_tone,0.97933066,0,arcface
446,color_tone,0.91712123,0,arcface
447,color_tone,0.90667564,0,arcface
448,color_tone,0.8465015,0,arcface
449,color_tone,0.93207943,0,arcface
450,color_tone,0.9318615,0,arcface
451,color_tone,0.9795135,0,arcface
452,color_tone,0.91823596,0,arcface
453,color_tone,0.9762383,0,arcface
454,color_tone,0.9190079,0,arcface
455,color_tone,0.9592128,0,arcface
456,color_tone,0.96854305,0,arcface
457,color_tone,0.9613417,0,arcface
458,color_tone,0.9793856,0,arcface
459,color_tone,0.9511656,0,arcface
460,color_tone,0.97742516,0,arcface
461,color_tone,0.9089002,0,arcface
462,color_tone,0.9215888,0,arcface
463,color_tone,0.76038694,0,arcface
464,color_tone,0.98299104,0,arcface
465,color_tone,0.9641657,0,arcface
466,color_tone,0.96817505,0,arcface
467,color_tone,0.97452056,0,arcface
468,color_tone,0.97050375,0,arcface
469,color_tone,0.96191597,0,arcface
470,color_tone,0.9485366,0,arcface
471,color_tone,0.95690244,0,arcface
472,color_tone,0.9377723,0,arcface
473,color_tone,0.9774245,0,arcface
474,color_tone,0.9731982,0,arcface
475,color_tone,0.9623118,0,arcface
476,color_tone,0.91811115,0,arcface
477,color_tone,0.9842567,0,arcface
478,color_tone,0.9675871,0,arcface
479,color_tone,0.9717103,0,arcface
480,color_tone,0.9390256,0,arcface
481,color_tone,0.97784054,0,arcface
482,color_tone,0.95437026,0,arcface
483,color_tone,0.95852536,0,arcface
484,color_tone,0.9551096,0,arcface
485,color_tone,0.9657513,0,arcface
486,color_tone,0.8126634,0,arcface
487,color_tone,0.88189566,0,arcface
488,color_tone,0.91254723,0,arcface
489,color_tone,0.9623704,0,arcface
490,color_tone,0.9817563,0,arcface
491,color_tone,0.9800142,0,arcface
492,color_tone,0.967522,0,arcface
493,color_tone,0.96986765,0,arcface
494,color_tone,0.920911,0,arcface
495,color_tone,0.907224,0,arcface
496,color_tone,0.8700505,0,arcface
497,color_tone,0.96423984,0,arcface
498,color_tone,0.9814071,0,arcface
499,color_tone,0.94887215,0,arcface
500,color_tone,0.9350643,0,arcface
501,color_tone,0.965574,0,arcface
502,color_tone,0.961623,0,arcface
503,color_tone,0.9811762,0,arcface
504,color_tone,0.87567997,0,arcface
505,color_tone,0.9702902,0,arcface
506,color_tone,0.9617636,0,arcface
507,color_tone,0.95921576,0,arcface
508,color_tone,0.82679933,0,arcface
509,color_tone,0.95810395,0,arcface
510,color_tone,0.9517366,0,arcface
511,color_tone,0.83697605,0,arcface
512,color_tone,0.94704515,0,arcface
513,color_tone,0.88953686,0,arcface
514,color_tone,0.9678937,0,arcface
515,color_tone,0.97034377,0,arcface
516,color_tone,0.969525,0,arcface
517,color_tone,0.96097785,0,arcface
518,color_tone,0.9558533,0,arcface
519,color_tone,0.9799399,0,arcface
520,color_tone,0.9399796,0,arcface
521,color_tone,0.94697356,0,arcface
522,color_tone,0.97061574,0,arcface
523,color_tone,0.8579848,0,arcface
524,color_tone,0.97089255,0,arcface
525,color_tone,0.96519065,0,arcface
526,color_tone,0.9756683,0,arcface
527,color_tone,0.98385495,0,arcface
528,color_tone,0.97551197,0,arcface
529,color_tone,0.982774,0,arcface
530,color_tone,0.9497043,0,arcface
531,color_tone,0.9722977,0,arcface
532,color_tone,0.97695774,0,arcface
533,color_tone,0.8401898,0,arcface
534,color_tone,0.97835386,0,arcface
535,color_tone,0.96712977,0,arcface
536,color_tone,0.9005821,0,arcface
537,color_tone,0.9720531,0,arcface
538,color_tone,0.9255708,0,arcface
539,color_tone,0.9848127,0,arcface
540,color_tone,0.9845769,0,arcface
541,color_tone,0.9738113,0,arcface
542,color_tone,0.9316847,0,arcface
543,color_tone,0.9432485,0,arcface
544,color_tone,0.8532047,0,arcface
545,color_tone,0.9600283,0,arcface
546,color_tone,0.87854266,0,arcface
547,color_tone,0.7888695,0,arcface
548,color_tone,0.6707251,0,arcface
549,color_tone,0.950221,0,arcface
550,color_tone,0.9324128,0,arcface
551,color_tone,0.9707169,0,arcface
552,color_tone,0.9296469,0,arcface
553,color_tone,0.9387589,0,arcface
554,color_tone,0.97258383,0,arcface
555,color_tone,0.9658713,0,arcface
556,color_tone,0.9457429,0,arcface
557,color_tone,0.97548383,0,arcface
558,color_tone,0.9876015,0,arcface
559,color_tone,0.94199383,0,arcface
560,color_tone,0.974699,0,arcface
561,color_tone,0.9320116,0,arcface
562,color_tone,0.9745456,0,arcface
563,color_tone,0.9803807,0,arcface
564,color_tone,0.9455357,0,arcface
565,color_tone,0.9394078,0,arcface
566,color_tone,0.9627049,0,arcface
567,color_tone,0.8870877,0,arcface
568,color_tone,0.97710913,0,arcface
569,color_tone,0.9601471,0,arcface
570,color_tone,0.950554,0,arcface
571,color_tone,0.97526217,0,arcface
572,color_tone,0.9495272,0,arcface
573,color_tone,0.9088074,0,arcface
574,color_tone,0.97178024,0,arcface
575,color_tone,0.9619012,0,arcface
576,color_tone,0.9786251,0,arcface
577,color_tone,0.9609693,0,arcface
578,color_tone,0.977455,0,arcface
579,color_tone,0.98256326,0,arcface
580,color_tone,0.9700728,0,arcface
581,color_tone,0.96766037,0,arcface
582,color_tone,0.9233048,0,arcface
583,color_tone,0.8293401,0,arcface
584,color_tone,0.87204826,0,arcface
585,color_tone,0.987937,0,arcface
586,color_tone,0.8871847,0,arcface
587,color_tone,0.93009424,0,arcface
588,color_tone,0.9795996,0,arcface
589,color_tone,0.8850789,0,arcface
590,color_tone,0.97260123,0,arcface
591,color_tone,0.9669848,0,arcface
592,color_tone,0.95248294,0,arcface
593,color_tone,0.82246864,0,arcface
594,color_tone,0.8238743,0,arcface
595,color_tone,0.96080434,0,arcface
596,color_tone,0.9747912,0,arcface
597,color_tone,0.9437304,0,arcface
598,color_tone,0.9308621,0,arcface
599,color_tone,0.9749781,0,arcface
